geography_code,geography_name,age,gender,Claimant count,Population estimate,Claimants percentage
E14000530,Aldershot,Aged 16+,Total,2170.0,84204.0,2.577074723291055
E14000530,Aldershot,Aged 16-24,Total,350.0,9622.0,3.6374974017875696
E14000531,Aldridge-Brownhills,Aged 16+,Total,1370.0,63864.0,2.1451835149693097
E14000531,Aldridge-Brownhills,Aged 16-24,Total,305.0,6827.0,4.4675552951516035
E14000532,Altrincham and Sale West,Aged 16+,Total,1255.0,80428.0,1.5604018501019545
E14000532,Altrincham and Sale West,Aged 16-24,Total,195.0,8515.0,2.2900763358778624
E14000533,Amber Valley,Aged 16+,Total,1660.0,76762.0,2.1625283343320914
E14000533,Amber Valley,Aged 16-24,Total,340.0,8181.0,4.155971152670823
E14000534,Arundel and South Downs,Aged 16+,Total,1275.0,85385.0,1.4932365169526265
E14000534,Arundel and South Downs,Aged 16-24,Total,185.0,7496.0,2.467982924226254
E14000535,Ashfield,Aged 16+,Total,2550.0,87712.0,2.907241882524626
E14000535,Ashfield,Aged 16-24,Total,625.0,10062.0,6.211488769628304
E14000536,Ashford,Aged 16+,Total,2545.0,99596.0,2.5553235069681515
E14000536,Ashford,Aged 16-24,Total,485.0,11540.0,4.202772963604852
E14000537,Ashton-under-Lyne,Aged 16+,Total,3570.0,74804.0,4.77247206031763
E14000537,Ashton-under-Lyne,Aged 16-24,Total,640.0,9404.0,6.8056146320714594
E14000538,Aylesbury,Aged 16+,Total,3045.0,100216.0,3.0384369761315555
E14000538,Aylesbury,Aged 16-24,Total,440.0,11249.0,3.9114587963374525
E14000539,Banbury,Aged 16+,Total,2325.0,101059.0,2.3006362619855727
E14000539,Banbury,Aged 16-24,Total,340.0,11176.0,3.042233357193987
E14000540,Barking,Aged 16+,Total,8265.0,102422.0,8.069555368963698
E14000540,Barking,Aged 16-24,Total,1240.0,15424.0,8.03941908713693
E14000541,Barnsley Central,Aged 16+,Total,2190.0,75771.0,2.8902878409945756
E14000541,Barnsley Central,Aged 16-24,Total,435.0,8564.0,5.079402148528725
E14000542,Barnsley East,Aged 16+,Total,1930.0,77509.0,2.4900334154743318
E14000542,Barnsley East,Aged 16-24,Total,430.0,9088.0,4.731514084507042
E14000543,Barrow and Furness,Aged 16+,Total,1360.0,71658.0,1.8979039325685898
E14000543,Barrow and Furness,Aged 16-24,Total,300.0,7899.0,3.79794910748196
E14000544,Basildon and Billericay,Aged 16+,Total,2460.0,75858.0,3.242901210155817
E14000544,Basildon and Billericay,Aged 16-24,Total,515.0,9202.0,5.5966094327320155
E14000545,Basingstoke,Aged 16+,Total,2440.0,91957.0,2.6534140957186514
E14000545,Basingstoke,Aged 16-24,Total,455.0,10901.0,4.173928997339694
E14000546,Bassetlaw,Aged 16+,Total,2175.0,89119.0,2.4405570080454226
E14000546,Bassetlaw,Aged 16-24,Total,450.0,9511.0,4.731363684155189
E14000547,Bath,Aged 16+,Total,1385.0,85105.0,1.6274014452734857
E14000547,Bath,Aged 16-24,Total,225.0,23420.0,0.9607173356105894
E14000548,Batley and Spen,Aged 16+,Total,3520.0,88208.0,3.9905677489570106
E14000548,Batley and Spen,Aged 16-24,Total,720.0,11062.0,6.508768757909962
E14000549,Battersea,Aged 16+,Total,3700.0,100759.0,3.6721285443483955
E14000549,Battersea,Aged 16-24,Total,470.0,10888.0,4.316678912564291
E14000550,Beaconsfield,Aged 16+,Total,1625.0,82437.0,1.971202251416233
E14000550,Beaconsfield,Aged 16-24,Total,220.0,8097.0,2.7170556996418425
E14000551,Beckenham,Aged 16+,Total,1540.0,74838.0,2.0577781341029957
E14000551,Beckenham,Aged 16-24,Total,200.0,7772.0,2.573340195573855
E14000552,Bedford,Aged 16+,Total,4395.0,84818.0,5.181683133297177
E14000552,Bedford,Aged 16-24,Total,680.0,11045.0,6.1566319601629695
E14000553,Bermondsey and Old Southwark,Aged 16+,Total,6035.0,126678.0,4.7640474273354485
E14000553,Bermondsey and Old Southwark,Aged 16-24,Total,755.0,19860.0,3.8016112789526684
E14000554,Berwick-upon-Tweed,Aged 16+,Total,1035.0,65961.0,1.5691090189657524
E14000554,Berwick-upon-Tweed,Aged 16-24,Total,170.0,5662.0,3.002472624514306
E14000555,Bethnal Green and Bow,Aged 16+,Total,8605.0,126771.0,6.787830024216896
E14000555,Bethnal Green and Bow,Aged 16-24,Total,1295.0,22913.0,5.651813381050059
E14000556,Beverley and Holderness,Aged 16+,Total,1305.0,84841.0,1.5381714029773341
E14000556,Beverley and Holderness,Aged 16-24,Total,265.0,8021.0,3.303827452936043
E14000557,Bexhill and Battle,Aged 16+,Total,1710.0,90934.0,1.880484747179273
E14000557,Bexhill and Battle,Aged 16-24,Total,310.0,8235.0,3.764420157862781
E14000558,Bexleyheath and Crayford,Aged 16+,Total,2095.0,75791.0,2.764180443588289
E14000558,Bexleyheath and Crayford,Aged 16-24,Total,405.0,8906.0,4.547496070065125
E14000559,Birkenhead,Aged 16+,Total,3205.0,72548.0,4.417764790207862
E14000559,Birkenhead,Aged 16-24,Total,730.0,9159.0,7.970302434763621
E14000560,"Birmingham, Edgbaston",Aged 16+,Total,5485.0,85991.0,6.378574501982766
E14000560,"Birmingham, Edgbaston",Aged 16-24,Total,955.0,18161.0,5.2585210065525025
E14000561,"Birmingham, Erdington",Aged 16+,Total,7850.0,79924.0,9.821830739202241
E14000561,"Birmingham, Erdington",Aged 16-24,Total,1575.0,11946.0,13.184329482672025
E14000562,"Birmingham, Hall Green",Aged 16+,Total,9625.0,90670.0,10.615418550788574
E14000562,"Birmingham, Hall Green",Aged 16-24,Total,1680.0,16355.0,10.272088046468971
E14000563,"Birmingham, Hodge Hill",Aged 16+,Total,11735.0,91238.0,12.861965409149697
E14000563,"Birmingham, Hodge Hill",Aged 16-24,Total,2195.0,18908.0,11.608842817854876
E14000564,"Birmingham, Ladywood",Aged 16+,Total,15725.0,119062.0,13.207404545530899
E14000564,"Birmingham, Ladywood",Aged 16-24,Total,2620.0,30813.0,8.502904618180638
E14000565,"Birmingham, Northfield",Aged 16+,Total,4845.0,79736.0,6.0763017959265575
E14000565,"Birmingham, Northfield",Aged 16-24,Total,1000.0,10958.0,9.125752874612155
E14000566,"Birmingham, Perry Barr",Aged 16+,Total,10145.0,85692.0,11.838911450310414
E14000566,"Birmingham, Perry Barr",Aged 16-24,Total,1735.0,14691.0,11.809951671091143
E14000567,"Birmingham, Selly Oak",Aged 16+,Total,4780.0,90258.0,5.2959294466972455
E14000567,"Birmingham, Selly Oak",Aged 16-24,Total,1005.0,25291.0,3.9737456012020083
E14000568,"Birmingham, Yardley",Aged 16+,Total,8360.0,84974.0,9.838303481064797
E14000568,"Birmingham, Yardley",Aged 16-24,Total,1600.0,13649.0,11.722470510660122
E14000569,Bishop Auckland,Aged 16+,Total,1710.0,74720.0,2.288543897216274
E14000569,Bishop Auckland,Aged 16-24,Total,380.0,8250.0,4.6060606060606055
E14000570,Blackburn,Aged 16+,Total,4905.0,83668.0,5.862456375197208
E14000570,Blackburn,Aged 16-24,Total,905.0,13330.0,6.789197299324831
E14000571,Blackley and Broughton,Aged 16+,Total,7290.0,90694.0,8.038017950470815
E14000571,Blackley and Broughton,Aged 16-24,Total,1240.0,13293.0,9.328217859023546
E14000572,Blackpool North and Cleveleys,Aged 16+,Total,2395.0,68529.0,3.4948707846313236
E14000572,Blackpool North and Cleveleys,Aged 16-24,Total,490.0,7272.0,6.738173817381739
E14000573,Blackpool South,Aged 16+,Total,3270.0,63877.0,5.119213488423063
E14000573,Blackpool South,Aged 16-24,Total,620.0,7857.0,7.891052564592084
E14000574,Blaydon,Aged 16+,Total,1680.0,72751.0,2.3092466082940444
E14000574,Blaydon,Aged 16-24,Total,335.0,7480.0,4.478609625668449
E14000575,Blyth Valley,Aged 16+,Total,2025.0,70275.0,2.88153681963714
E14000575,Blyth Valley,Aged 16-24,Total,475.0,7710.0,6.160830090791181
E14000576,Bognor Regis and Littlehampton,Aged 16+,Total,2695.0,89764.0,3.0023171872911187
E14000576,Bognor Regis and Littlehampton,Aged 16-24,Total,460.0,8829.0,5.210103069430287
E14000577,Bolsover,Aged 16+,Total,1915.0,83380.0,2.2967138402494602
E14000577,Bolsover,Aged 16-24,Total,455.0,9135.0,4.980842911877394
E14000578,Bolton North East,Aged 16+,Total,4125.0,78269.0,5.270285809196489
E14000578,Bolton North East,Aged 16-24,Total,685.0,10180.0,6.728880157170923
E14000579,Bolton South East,Aged 16+,Total,4865.0,82012.0,5.932058723113691
E14000579,Bolton South East,Aged 16-24,Total,890.0,11917.0,7.468322564403793
E14000580,Bolton West,Aged 16+,Total,2100.0,78501.0,2.675125157641304
E14000580,Bolton West,Aged 16-24,Total,420.0,8586.0,4.8916841369671555
E14000581,Bootle,Aged 16+,Total,3620.0,80327.0,4.506579356878758
E14000581,Bootle,Aged 16-24,Total,765.0,9717.0,7.8728002469898115
E14000582,Boston and Skegness,Aged 16+,Total,2735.0,89370.0,3.0603110663533624
E14000582,Boston and Skegness,Aged 16-24,Total,495.0,9199.0,5.381019676051745
E14000583,Bosworth,Aged 16+,Total,1655.0,87708.0,1.8869430382633283
E14000583,Bosworth,Aged 16-24,Total,300.0,9030.0,3.322259136212625
E14000584,Bournemouth East,Aged 16+,Total,2945.0,86553.0,3.402539484477719
E14000584,Bournemouth East,Aged 16-24,Total,425.0,11529.0,3.686356145372539
E14000585,Bournemouth West,Aged 16+,Total,2915.0,89085.0,3.272155806252455
E14000585,Bournemouth West,Aged 16-24,Total,495.0,17407.0,2.8436835755730456
E14000586,Bracknell,Aged 16+,Total,2050.0,89982.0,2.27823342446267
E14000586,Bracknell,Aged 16-24,Total,360.0,10869.0,3.3121722329561134
E14000587,Bradford East,Aged 16+,Total,7950.0,87510.0,9.084676037024341
E14000587,Bradford East,Aged 16-24,Total,1655.0,14960.0,11.06283422459893
E14000588,Bradford South,Aged 16+,Total,4965.0,80582.0,6.161425628552282
E14000588,Bradford South,Aged 16-24,Total,1065.0,10991.0,9.689746155945773
E14000589,Bradford West,Aged 16+,Total,8705.0,90063.0,9.665456402740304
E14000589,Bradford West,Aged 16-24,Total,1770.0,18336.0,9.653141361256544
E14000590,Braintree,Aged 16+,Total,1660.0,82421.0,2.014049817400905
E14000590,Braintree,Aged 16-24,Total,320.0,9026.0,3.5453135386660755
E14000591,Brent Central,Aged 16+,Total,11030.0,115796.0,9.525372206293827
E14000591,Brent Central,Aged 16-24,Total,1565.0,17838.0,8.773405090256755
E14000592,Brent North,Aged 16+,Total,5950.0,105970.0,5.614796640558649
E14000592,Brent North,Aged 16-24,Total,720.0,14271.0,5.045196552449022
E14000593,Brentford and Isleworth,Aged 16+,Total,4885.0,107960.0,4.524824008892183
E14000593,Brentford and Isleworth,Aged 16-24,Total,645.0,12470.0,5.172413793103448
E14000594,Brentwood and Ongar,Aged 16+,Total,1560.0,79147.0,1.9710159576484265
E14000594,Brentwood and Ongar,Aged 16-24,Total,225.0,8637.0,2.6050712052796112
E14000595,Bridgwater and West Somerset,Aged 16+,Total,1880.0,95011.0,1.9787182536758903
E14000595,Bridgwater and West Somerset,Aged 16-24,Total,395.0,9749.0,4.051697610011283
E14000596,Brigg and Goole,Aged 16+,Total,1480.0,73631.0,2.010022952289117
E14000596,Brigg and Goole,Aged 16-24,Total,290.0,7262.0,3.993390250619664
E14000597,"Brighton, Kemptown",Aged 16+,Total,3050.0,81935.0,3.722462927930677
E14000597,"Brighton, Kemptown",Aged 16-24,Total,535.0,15783.0,3.3897231198124564
E14000598,"Brighton, Pavilion",Aged 16+,Total,3195.0,98492.0,3.243918287779718
E14000598,"Brighton, Pavilion",Aged 16-24,Total,555.0,25496.0,2.1768120489488547
E14000599,Bristol East,Aged 16+,Total,2850.0,81588.0,3.4931607589351374
E14000599,Bristol East,Aged 16-24,Total,490.0,11286.0,4.3416622363990784
E14000600,Bristol North West,Aged 16+,Total,2495.0,84169.0,2.96427425774335
E14000600,Bristol North West,Aged 16-24,Total,510.0,13707.0,3.7207266360253883
E14000601,Bristol South,Aged 16+,Total,3145.0,89992.0,3.494755089341275
E14000601,Bristol South,Aged 16-24,Total,620.0,11484.0,5.39881574364333
E14000602,Bristol West,Aged 16+,Total,4205.0,124403.0,3.380143565669638
E14000602,Bristol West,Aged 16-24,Total,625.0,37183.0,1.6808756689885165
E14000603,Broadland,Aged 16+,Total,1305.0,84072.0,1.5522409363402798
E14000603,Broadland,Aged 16-24,Total,245.0,8107.0,3.0220796842235105
E14000604,Bromley and Chislehurst,Aged 16+,Total,2430.0,76507.0,3.1761799573895204
E14000604,Bromley and Chislehurst,Aged 16-24,Total,380.0,8170.0,4.651162790697675
E14000605,Bromsgrove,Aged 16+,Total,1495.0,81934.0,1.824639343862133
E14000605,Bromsgrove,Aged 16-24,Total,275.0,8197.0,3.354885933878248
E14000606,Broxbourne,Aged 16+,Total,2250.0,81979.0,2.7446053257541565
E14000606,Broxbourne,Aged 16-24,Total,345.0,9741.0,3.5417308284570375
E14000607,Broxtowe,Aged 16+,Total,1740.0,82677.0,2.104575637722704
E14000607,Broxtowe,Aged 16-24,Total,350.0,10373.0,3.3741444133808924
E14000608,Buckingham,Aged 16+,Total,1565.0,88323.0,1.7719053927063164
E14000608,Buckingham,Aged 16-24,Total,205.0,9792.0,2.093545751633987
E14000609,Burnley,Aged 16+,Total,3585.0,70499.0,5.0851785131703995
E14000609,Burnley,Aged 16-24,Total,670.0,8541.0,7.844514693829763
E14000610,Burton,Aged 16+,Total,2865.0,88050.0,3.253833049403748
E14000610,Burton,Aged 16-24,Total,460.0,10412.0,4.4179792547061085
E14000611,Bury North,Aged 16+,Total,2920.0,72188.0,4.044993627749764
E14000611,Bury North,Aged 16-24,Total,575.0,8691.0,6.616039581175929
E14000612,Bury South,Aged 16+,Total,2555.0,79823.0,3.200831840446989
E14000612,Bury South,Aged 16-24,Total,495.0,9339.0,5.30035335689046
E14000613,Bury St Edmunds,Aged 16+,Total,1710.0,99380.0,1.7206681424833972
E14000613,Bury St Edmunds,Aged 16-24,Total,330.0,10511.0,3.1395680715440966
E14000614,Calder Valley,Aged 16+,Total,1895.0,86277.0,2.1964138762358454
E14000614,Calder Valley,Aged 16-24,Total,380.0,9041.0,4.2030748810972245
E14000615,Camberwell and Peckham,Aged 16+,Total,6745.0,103823.0,6.496633693882858
E14000615,Camberwell and Peckham,Aged 16-24,Total,965.0,11557.0,8.349917798736696
E14000616,Camborne and Redruth,Aged 16+,Total,1945.0,78250.0,2.4856230031948883
E14000616,Camborne and Redruth,Aged 16-24,Total,315.0,9991.0,3.152837553798418
E14000617,Cambridge,Aged 16+,Total,2265.0,95425.0,2.3735918260413937
E14000617,Cambridge,Aged 16-24,Total,355.0,26437.0,1.342814994137005
E14000618,Cannock Chase,Aged 16+,Total,2060.0,83340.0,2.4718022558195343
E14000618,Cannock Chase,Aged 16-24,Total,420.0,9369.0,4.482869036183157
E14000619,Canterbury,Aged 16+,Total,2455.0,103313.0,2.376274041020975
E14000619,Canterbury,Aged 16-24,Total,580.0,25234.0,2.2984861694539114
E14000620,Carlisle,Aged 16+,Total,1505.0,71013.0,2.1193302634728854
E14000620,Carlisle,Aged 16-24,Total,210.0,8159.0,2.573844833925726
E14000621,Carshalton and Wallington,Aged 16+,Total,2685.0,81175.0,3.3076686171850938
E14000621,Carshalton and Wallington,Aged 16-24,Total,440.0,9359.0,4.701356982583609
E14000622,Castle Point,Aged 16+,Total,1335.0,74976.0,1.7805697823303455
E14000622,Castle Point,Aged 16-24,Total,310.0,8287.0,3.7407988415590685
E14000623,Central Devon,Aged 16+,Total,1260.0,79099.0,1.5929404922944663
E14000623,Central Devon,Aged 16-24,Total,215.0,7314.0,2.93956795187312
E14000624,Central Suffolk and North Ipswich,Aged 16+,Total,1230.0,84663.0,1.4528188228624073
E14000624,Central Suffolk and North Ipswich,Aged 16-24,Total,190.0,8872.0,2.1415689810640215
E14000625,Charnwood,Aged 16+,Total,1360.0,86258.0,1.5766653527788728
E14000625,Charnwood,Aged 16-24,Total,275.0,9618.0,2.859222291536702
E14000626,Chatham and Aylesford,Aged 16+,Total,2750.0,80359.0,3.4221431326920446
E14000626,Chatham and Aylesford,Aged 16-24,Total,575.0,9737.0,5.905309643627401
E14000627,Cheadle,Aged 16+,Total,1075.0,76197.0,1.4108166988201636
E14000627,Cheadle,Aged 16-24,Total,170.0,7991.0,2.1273933174821673
E14000628,Chelmsford,Aged 16+,Total,2225.0,90663.0,2.454143366092011
E14000628,Chelmsford,Aged 16-24,Total,390.0,10515.0,3.7089871611982885
E14000629,Chelsea and Fulham,Aged 16+,Total,2550.0,89763.0,2.8408141439123025
E14000629,Chelsea and Fulham,Aged 16-24,Total,240.0,11226.0,2.1378941742383755
E14000630,Cheltenham,Aged 16+,Total,2025.0,86296.0,2.346574580513581
E14000630,Cheltenham,Aged 16-24,Total,365.0,12341.0,2.9576209383356296
E14000631,Chesham and Amersham,Aged 16+,Total,1380.0,76315.0,1.8082945685645022
E14000631,Chesham and Amersham,Aged 16-24,Total,190.0,7795.0,2.4374599101988452
E14000632,Chesterfield,Aged 16+,Total,2070.0,78610.0,2.6332527668235595
E14000632,Chesterfield,Aged 16-24,Total,455.0,8439.0,5.391634079867283
E14000633,Chichester,Aged 16+,Total,2325.0,93535.0,2.4857005399048484
E14000633,Chichester,Aged 16-24,Total,355.0,10306.0,3.4445953813312635
E14000634,Chingford and Woodford Green,Aged 16+,Total,3090.0,74925.0,4.124124124124124
E14000634,Chingford and Woodford Green,Aged 16-24,Total,495.0,8395.0,5.896366885050625
E14000635,Chippenham,Aged 16+,Total,1475.0,81298.0,1.8143127752220225
E14000635,Chippenham,Aged 16-24,Total,300.0,8024.0,3.738783649052842
E14000636,Chipping Barnet,Aged 16+,Total,3220.0,95252.0,3.3805064460588756
E14000636,Chipping Barnet,Aged 16-24,Total,370.0,10620.0,3.483992467043315
E14000637,Chorley,Aged 16+,Total,1705.0,86029.0,1.981889827848749
E14000637,Chorley,Aged 16-24,Total,350.0,9142.0,3.828483920367534
E14000638,Christchurch,Aged 16+,Total,1090.0,75719.0,1.4395330102087984
E14000638,Christchurch,Aged 16-24,Total,195.0,6518.0,2.9917152500767106
E14000639,Cities of London and Westminster,Aged 16+,Total,3025.0,121250.0,2.4948453608247423
E14000639,Cities of London and Westminster,Aged 16-24,Total,365.0,18208.0,2.0046133567662565
E14000640,City of Chester,Aged 16+,Total,1935.0,80888.0,2.392196617545248
E14000640,City of Chester,Aged 16-24,Total,395.0,11431.0,3.4555157029131314
E14000641,City of Durham,Aged 16+,Total,1580.0,91380.0,1.729043554388269
E14000641,City of Durham,Aged 16-24,Total,310.0,23090.0,1.342572542226072
E14000642,Clacton,Aged 16+,Total,2445.0,76626.0,3.190822958264819
E14000642,Clacton,Aged 16-24,Total,495.0,7309.0,6.772472294431522
E14000643,Cleethorpes,Aged 16+,Total,1610.0,77903.0,2.066672657022194
E14000643,Cleethorpes,Aged 16-24,Total,355.0,7674.0,4.626009903570498
E14000644,Colchester,Aged 16+,Total,3110.0,100900.0,3.0822596630327057
E14000644,Colchester,Aged 16-24,Total,640.0,16163.0,3.9596609540308108
E14000645,Colne Valley,Aged 16+,Total,2490.0,90907.0,2.739062998448964
E14000645,Colne Valley,Aged 16-24,Total,450.0,9611.0,4.682135053584434
E14000646,Congleton,Aged 16+,Total,1175.0,81462.0,1.4423903169576
E14000646,Congleton,Aged 16-24,Total,200.0,7641.0,2.6174584478471408
E14000647,Copeland,Aged 16+,Total,1065.0,65341.0,1.629910775776312
E14000647,Copeland,Aged 16-24,Total,235.0,6629.0,3.5450294162015386
E14000648,Corby,Aged 16+,Total,2525.0,99990.0,2.525252525252525
E14000648,Corby,Aged 16-24,Total,475.0,11381.0,4.173622704507513
E14000649,Coventry North East,Aged 16+,Total,5760.0,101882.0,5.653599261891207
E14000649,Coventry North East,Aged 16-24,Total,995.0,14673.0,6.781162679751926
E14000650,Coventry North West,Aged 16+,Total,3700.0,92691.0,3.991757560065163
E14000650,Coventry North West,Aged 16-24,Total,675.0,13107.0,5.149919890135042
E14000651,Coventry South,Aged 16+,Total,4360.0,111831.0,3.8987400631309748
E14000651,Coventry South,Aged 16-24,Total,870.0,34328.0,2.534374271731531
E14000652,Crawley,Aged 16+,Total,3775.0,87499.0,4.314335020971669
E14000652,Crawley,Aged 16-24,Total,585.0,10293.0,5.683474205770913
E14000653,Crewe and Nantwich,Aged 16+,Total,2125.0,90917.0,2.3372966551909986
E14000653,Crewe and Nantwich,Aged 16-24,Total,435.0,10656.0,4.082207207207207
E14000654,Croydon Central,Aged 16+,Total,5650.0,95687.0,5.904668345752297
E14000654,Croydon Central,Aged 16-24,Total,890.0,11607.0,7.667786680451452
E14000655,Croydon North,Aged 16+,Total,8575.0,113601.0,7.548349046223185
E14000655,Croydon North,Aged 16-24,Total,1370.0,14797.0,9.258633506791918
E14000656,Croydon South,Aged 16+,Total,3505.0,93438.0,3.7511504955157435
E14000656,Croydon South,Aged 16-24,Total,585.0,10424.0,5.612049117421336
E14000657,Dagenham and Rainham,Aged 16+,Total,5410.0,85661.0,6.315592860228109
E14000657,Dagenham and Rainham,Aged 16-24,Total,895.0,11946.0,7.492047547296165
E14000658,Darlington,Aged 16+,Total,2445.0,74753.0,3.2707717416023434
E14000658,Darlington,Aged 16-24,Total,510.0,8558.0,5.959336293526525
E14000659,Dartford,Aged 16+,Total,2480.0,92982.0,2.667182895614205
E14000659,Dartford,Aged 16-24,Total,460.0,10551.0,4.359776324519003
E14000660,Daventry,Aged 16+,Total,1575.0,84444.0,1.8651413954810288
E14000660,Daventry,Aged 16-24,Total,265.0,8738.0,3.0327306019684137
E14000661,Denton and Reddish,Aged 16+,Total,2300.0,70533.0,3.260884975826918
E14000661,Denton and Reddish,Aged 16-24,Total,470.0,8055.0,5.8348851644941035
E14000662,Derby North,Aged 16+,Total,2990.0,82235.0,3.6359214446403603
E14000662,Derby North,Aged 16-24,Total,620.0,13849.0,4.47685753484006
E14000663,Derby South,Aged 16+,Total,5615.0,89628.0,6.264783326638996
E14000663,Derby South,Aged 16-24,Total,1045.0,13998.0,7.465352193170453
E14000664,Derbyshire Dales,Aged 16+,Total,915.0,69299.0,1.320365373237709
E14000664,Derbyshire Dales,Aged 16-24,Total,150.0,6425.0,2.3346303501945527
E14000665,Devizes,Aged 16+,Total,1495.0,84346.0,1.772461053280535
E14000665,Devizes,Aged 16-24,Total,280.0,11364.0,2.4639211545230553
E14000666,Dewsbury,Aged 16+,Total,3635.0,90527.0,4.015376627967346
E14000666,Dewsbury,Aged 16-24,Total,745.0,11830.0,6.297548605240913
E14000667,Don Valley,Aged 16+,Total,2025.0,82896.0,2.4428199189345685
E14000667,Don Valley,Aged 16-24,Total,440.0,8876.0,4.9571879224876065
E14000668,Doncaster Central,Aged 16+,Total,3940.0,90190.0,4.368555272203127
E14000668,Doncaster Central,Aged 16-24,Total,780.0,10531.0,7.406704016712563
E14000669,Doncaster North,Aged 16+,Total,2595.0,79118.0,3.2799110189843024
E14000669,Doncaster North,Aged 16-24,Total,615.0,9217.0,6.672453075838125
E14000670,Dover,Aged 16+,Total,2180.0,85371.0,2.553560342505066
E14000670,Dover,Aged 16-24,Total,490.0,9061.0,5.407791634477431
E14000671,Dudley North,Aged 16+,Total,3390.0,68394.0,4.956575138170015
E14000671,Dudley North,Aged 16-24,Total,695.0,8693.0,7.99493845622915
E14000672,Dudley South,Aged 16+,Total,2445.0,65701.0,3.7214045448318895
E14000672,Dudley South,Aged 16-24,Total,495.0,7918.0,6.251578681485223
E14000673,Dulwich and West Norwood,Aged 16+,Total,4910.0,89688.0,5.474533939880474
E14000673,Dulwich and West Norwood,Aged 16-24,Total,735.0,9153.0,8.030154047853163
E14000674,Ealing Central and Acton,Aged 16+,Total,5590.0,99681.0,5.6078891664409465
E14000674,Ealing Central and Acton,Aged 16-24,Total,715.0,12839.0,5.568969545914791
E14000675,Ealing North,Aged 16+,Total,6960.0,90966.0,7.651210342325704
E14000675,Ealing North,Aged 16-24,Total,910.0,11223.0,8.108348926312038
E14000676,"Ealing, Southall",Aged 16+,Total,5615.0,75235.0,7.463281717285837
E14000676,"Ealing, Southall",Aged 16-24,Total,735.0,9068.0,8.105425672695192
E14000677,Easington,Aged 16+,Total,2290.0,67241.0,3.405660237057748
E14000677,Easington,Aged 16-24,Total,600.0,7707.0,7.785130400934216
E14000678,East Devon,Aged 16+,Total,1230.0,91080.0,1.3504611330698288
E14000678,East Devon,Aged 16-24,Total,215.0,8736.0,2.461080586080586
E14000679,East Ham,Aged 16+,Total,10330.0,125164.0,8.253171838547825
E14000679,East Ham,Aged 16-24,Total,1245.0,18950.0,6.569920844327176
E14000680,East Hampshire,Aged 16+,Total,1335.0,83245.0,1.6036999219172323
E14000680,East Hampshire,Aged 16-24,Total,215.0,9047.0,2.376478390626727
E14000681,East Surrey,Aged 16+,Total,1805.0,91898.0,1.9641341487301136
E14000681,East Surrey,Aged 16-24,Total,285.0,9651.0,2.953061858874728
E14000682,East Worthing and Shoreham,Aged 16+,Total,1725.0,81268.0,2.122606684057686
E14000682,East Worthing and Shoreham,Aged 16-24,Total,365.0,8463.0,4.312891409665603
E14000683,East Yorkshire,Aged 16+,Total,1660.0,87167.0,1.904390422981174
E14000683,East Yorkshire,Aged 16-24,Total,300.0,7719.0,3.8865137971239796
E14000684,Eastbourne,Aged 16+,Total,2980.0,92118.0,3.234981219739899
E14000684,Eastbourne,Aged 16-24,Total,550.0,10284.0,5.348113574484636
E14000685,Eastleigh,Aged 16+,Total,1725.0,91912.0,1.8767951954042998
E14000685,Eastleigh,Aged 16-24,Total,315.0,10084.0,3.1237604125347085
E14000686,Eddisbury,Aged 16+,Total,1280.0,76002.0,1.6841662061524696
E14000686,Eddisbury,Aged 16-24,Total,250.0,7838.0,3.189589180913498
E14000687,Edmonton,Aged 16+,Total,7550.0,90588.0,8.334437232304499
E14000687,Edmonton,Aged 16-24,Total,1090.0,13385.0,8.143444153903623
E14000688,Ellesmere Port and Neston,Aged 16+,Total,1670.0,71872.0,2.323575244879786
E14000688,Ellesmere Port and Neston,Aged 16-24,Total,385.0,7950.0,4.8427672955974845
E14000689,Elmet and Rothwell,Aged 16+,Total,1185.0,82535.0,1.4357545283818987
E14000689,Elmet and Rothwell,Aged 16-24,Total,240.0,8731.0,2.748826022219677
E14000690,Eltham,Aged 16+,Total,3340.0,74960.0,4.4557097118463185
E14000690,Eltham,Aged 16-24,Total,575.0,9024.0,6.371897163120567
E14000691,Enfield North,Aged 16+,Total,5035.0,83187.0,6.0526284154976135
E14000691,Enfield North,Aged 16-24,Total,710.0,11249.0,6.311672148635434
E14000692,"Enfield, Southgate",Aged 16+,Total,3615.0,83892.0,4.3091117150622225
E14000692,"Enfield, Southgate",Aged 16-24,Total,400.0,9015.0,4.437049362174155
E14000693,Epping Forest,Aged 16+,Total,2095.0,81490.0,2.570867591115474
E14000693,Epping Forest,Aged 16-24,Total,330.0,9177.0,3.5959463877084015
E14000694,Epsom and Ewell,Aged 16+,Total,1350.0,88737.0,1.5213496061394909
E14000694,Epsom and Ewell,Aged 16-24,Total,200.0,10291.0,1.9434457292780098
E14000695,Erewash,Aged 16+,Total,2235.0,79613.0,2.8073304611055985
E14000695,Erewash,Aged 16-24,Total,480.0,8927.0,5.37694634255629
E14000696,Erith and Thamesmead,Aged 16+,Total,5060.0,93325.0,5.4219126707741765
E14000696,Erith and Thamesmead,Aged 16-24,Total,795.0,12582.0,6.31855030996662
E14000697,Esher and Walton,Aged 16+,Total,1710.0,88862.0,1.9243321104634152
E14000697,Esher and Walton,Aged 16-24,Total,240.0,9251.0,2.5943141282023565
E14000698,Exeter,Aged 16+,Total,1905.0,100612.0,1.8934123166222716
E14000698,Exeter,Aged 16-24,Total,385.0,24992.0,1.540492957746479
E14000699,Fareham,Aged 16+,Total,1205.0,84710.0,1.4225002951245425
E14000699,Fareham,Aged 16-24,Total,220.0,9011.0,2.4414604372433693
E14000700,Faversham and Mid Kent,Aged 16+,Total,1810.0,81338.0,2.2252821559418723
E14000700,Faversham and Mid Kent,Aged 16-24,Total,360.0,8764.0,4.1077133728890916
E14000701,Feltham and Heston,Aged 16+,Total,6030.0,103942.0,5.801312270304592
E14000701,Feltham and Heston,Aged 16-24,Total,845.0,13736.0,6.151718112987769
E14000702,Filton and Bradley Stoke,Aged 16+,Total,1525.0,87123.0,1.7503988613798882
E14000702,Filton and Bradley Stoke,Aged 16-24,Total,295.0,14402.0,2.048326621302597
E14000703,Finchley and Golders Green,Aged 16+,Total,4545.0,106321.0,4.274790492941188
E14000703,Finchley and Golders Green,Aged 16-24,Total,515.0,12565.0,4.098686828491842
E14000704,Folkestone and Hythe,Aged 16+,Total,2660.0,98774.0,2.693016380828963
E14000704,Folkestone and Hythe,Aged 16-24,Total,525.0,9911.0,5.297144586822722
E14000705,Forest of Dean,Aged 16+,Total,1445.0,76786.0,1.8818534628708357
E14000705,Forest of Dean,Aged 16-24,Total,250.0,8785.0,2.8457598178713717
E14000706,Fylde,Aged 16+,Total,1480.0,73498.0,2.013660235652671
E14000706,Fylde,Aged 16-24,Total,275.0,6589.0,4.173622704507513
E14000707,Gainsborough,Aged 16+,Total,1695.0,81974.0,2.067728792056018
E14000707,Gainsborough,Aged 16-24,Total,365.0,8065.0,4.525728456292622
E14000708,Garston and Halewood,Aged 16+,Total,2580.0,80581.0,3.2017473101599636
E14000708,Garston and Halewood,Aged 16-24,Total,530.0,8470.0,6.257378984651712
E14000709,Gateshead,Aged 16+,Total,3310.0,80343.0,4.1198362022827135
E14000709,Gateshead,Aged 16-24,Total,530.0,11723.0,4.521027040859848
E14000710,Gedling,Aged 16+,Total,1995.0,78470.0,2.5423728813559325
E14000710,Gedling,Aged 16-24,Total,445.0,8598.0,5.175622237729705
E14000711,Gillingham and Rainham,Aged 16+,Total,2635.0,81411.0,3.236663350161526
E14000711,Gillingham and Rainham,Aged 16-24,Total,520.0,10907.0,4.767580452920143
E14000712,Gloucester,Aged 16+,Total,3090.0,95898.0,3.22217355940687
E14000712,Gloucester,Aged 16-24,Total,645.0,13001.0,4.961156834089685
E14000713,Gosport,Aged 16+,Total,1875.0,81419.0,2.302902270968693
E14000713,Gosport,Aged 16-24,Total,405.0,9611.0,4.213921548225992
E14000714,Grantham and Stamford,Aged 16+,Total,2095.0,91696.0,2.28472343395568
E14000714,Grantham and Stamford,Aged 16-24,Total,360.0,9226.0,3.9020160416215046
E14000715,Gravesham,Aged 16+,Total,3040.0,83891.0,3.6237498658974148
E14000715,Gravesham,Aged 16-24,Total,645.0,10075.0,6.401985111662531
E14000716,Great Grimsby,Aged 16+,Total,2660.0,69746.0,3.8138387864537036
E14000716,Great Grimsby,Aged 16-24,Total,640.0,8601.0,7.440995233112428
E14000717,Great Yarmouth,Aged 16+,Total,2840.0,81562.0,3.4820136828425006
E14000717,Great Yarmouth,Aged 16-24,Total,615.0,9297.0,6.615037108744756
E14000718,Greenwich and Woolwich,Aged 16+,Total,5940.0,106669.0,5.568628186258426
E14000718,Greenwich and Woolwich,Aged 16-24,Total,940.0,14063.0,6.684206783758799
E14000719,Guildford,Aged 16+,Total,1545.0,97836.0,1.5791733104378758
E14000719,Guildford,Aged 16-24,Total,275.0,21261.0,1.2934480974554348
E14000720,Hackney North and Stoke Newington,Aged 16+,Total,7230.0,110110.0,6.566161111615656
E14000720,Hackney North and Stoke Newington,Aged 16-24,Total,945.0,13109.0,7.208787855671677
E14000721,Hackney South and Shoreditch,Aged 16+,Total,7175.0,112860.0,6.357433989012937
E14000721,Hackney South and Shoreditch,Aged 16-24,Total,970.0,14259.0,6.802721088435375
E14000722,Halesowen and Rowley Regis,Aged 16+,Total,2625.0,72105.0,3.6405242354899108
E14000722,Halesowen and Rowley Regis,Aged 16-24,Total,505.0,8605.0,5.868680999418943
E14000723,Halifax,Aged 16+,Total,3800.0,84116.0,4.517570973417661
E14000723,Halifax,Aged 16-24,Total,855.0,10752.0,7.952008928571429
E14000724,Haltemprice and Howden,Aged 16+,Total,900.0,76073.0,1.1830741524588224
E14000724,Haltemprice and Howden,Aged 16-24,Total,175.0,7414.0,2.3603992446722417
E14000725,Halton,Aged 16+,Total,2595.0,79219.0,3.2757293073631324
E14000725,Halton,Aged 16-24,Total,595.0,9336.0,6.373179091688089
E14000726,Hammersmith,Aged 16+,Total,5165.0,96038.0,5.378079510193881
E14000726,Hammersmith,Aged 16-24,Total,675.0,14060.0,4.800853485064011
E14000727,Hampstead and Kilburn,Aged 16+,Total,4645.0,124880.0,3.719570787956438
E14000727,Hampstead and Kilburn,Aged 16-24,Total,545.0,13168.0,4.138821385176185
E14000728,Harborough,Aged 16+,Total,1700.0,88578.0,1.9192124455282351
E14000728,Harborough,Aged 16-24,Total,325.0,11118.0,2.9231876236733223
E14000729,Harlow,Aged 16+,Total,2930.0,76336.0,3.8382938587298256
E14000729,Harlow,Aged 16-24,Total,495.0,8759.0,5.65133006050919
E14000730,Harrogate and Knaresborough,Aged 16+,Total,1195.0,85640.0,1.3953759925268567
E14000730,Harrogate and Knaresborough,Aged 16-24,Total,195.0,8137.0,2.3964606120191716
E14000731,Harrow East,Aged 16+,Total,3670.0,85732.0,4.280781971725843
E14000731,Harrow East,Aged 16-24,Total,405.0,10398.0,3.8949798038084245
E14000732,Harrow West,Aged 16+,Total,4335.0,87998.0,4.926248323825542
E14000732,Harrow West,Aged 16-24,Total,540.0,11013.0,4.90329610460365
E14000733,Hartlepool,Aged 16+,Total,2745.0,75841.0,3.6194143009717696
E14000733,Hartlepool,Aged 16-24,Total,605.0,9196.0,6.578947368421052
E14000734,Harwich and North Essex,Aged 16+,Total,1550.0,82336.0,1.8825301204819278
E14000734,Harwich and North Essex,Aged 16-24,Total,310.0,11805.0,2.626005929690809
E14000735,Hastings and Rye,Aged 16+,Total,3130.0,91825.0,3.4086577729376533
E14000735,Hastings and Rye,Aged 16-24,Total,595.0,9857.0,6.036319366947347
E14000736,Havant,Aged 16+,Total,2200.0,79000.0,2.7848101265822782
E14000736,Havant,Aged 16-24,Total,445.0,9027.0,4.929655478010413
E14000737,Hayes and Harlington,Aged 16+,Total,6095.0,98260.0,6.202930999389375
E14000737,Hayes and Harlington,Aged 16-24,Total,840.0,12750.0,6.588235294117648
E14000738,Hazel Grove,Aged 16+,Total,1140.0,65701.0,1.73513340740628
E14000738,Hazel Grove,Aged 16-24,Total,225.0,6473.0,3.47597713579484
E14000739,Hemel Hempstead,Aged 16+,Total,2770.0,85005.0,3.258631845185577
E14000739,Hemel Hempstead,Aged 16-24,Total,465.0,9291.0,5.004843396835647
E14000740,Hemsworth,Aged 16+,Total,2090.0,81422.0,2.5668738178870574
E14000740,Hemsworth,Aged 16-24,Total,500.0,9100.0,5.4945054945054945
E14000741,Hendon,Aged 16+,Total,6090.0,112121.0,5.431631897681968
E14000741,Hendon,Aged 16-24,Total,710.0,15025.0,4.7254575707154745
E14000742,Henley,Aged 16+,Total,1125.0,82789.0,1.358876179202551
E14000742,Henley,Aged 16-24,Total,140.0,8414.0,1.6638935108153077
E14000743,Hereford and South Herefordshire,Aged 16+,Total,1765.0,84324.0,2.09311702480907
E14000743,Hereford and South Herefordshire,Aged 16-24,Total,320.0,8797.0,3.6376037285438216
E14000744,Hertford and Stortford,Aged 16+,Total,1555.0,93807.0,1.6576588101101197
E14000744,Hertford and Stortford,Aged 16-24,Total,220.0,10466.0,2.102044716223963
E14000745,Hertsmere,Aged 16+,Total,2405.0,82921.0,2.900350936433473
E14000745,Hertsmere,Aged 16-24,Total,345.0,9714.0,3.5515750463248916
E14000746,Hexham,Aged 16+,Total,835.0,66018.0,1.2648065679057228
E14000746,Hexham,Aged 16-24,Total,135.0,6164.0,2.190136275146009
E14000747,Heywood and Middleton,Aged 16+,Total,3300.0,87062.0,3.790402242080357
E14000747,Heywood and Middleton,Aged 16-24,Total,665.0,10189.0,6.526646383354598
E14000748,High Peak,Aged 16+,Total,1350.0,77017.0,1.7528597582351948
E14000748,High Peak,Aged 16-24,Total,275.0,8047.0,3.4174226419783773
E14000749,Hitchin and Harpenden,Aged 16+,Total,1275.0,82106.0,1.5528706793656981
E14000749,Hitchin and Harpenden,Aged 16-24,Total,200.0,8521.0,2.3471423541837813
E14000750,Holborn and St Pancras,Aged 16+,Total,5405.0,141667.0,3.815285140505552
E14000750,Holborn and St Pancras,Aged 16-24,Total,815.0,27849.0,2.926496463068692
E14000751,Hornchurch and Upminster,Aged 16+,Total,2845.0,89567.0,3.1763930912054663
E14000751,Hornchurch and Upminster,Aged 16-24,Total,470.0,10669.0,4.405286343612335
E14000752,Hornsey and Wood Green,Aged 16+,Total,4925.0,101730.0,4.841246436646024
E14000752,Hornsey and Wood Green,Aged 16-24,Total,520.0,11007.0,4.724266375942582
E14000753,Horsham,Aged 16+,Total,1470.0,94157.0,1.5612222139617873
E14000753,Horsham,Aged 16-24,Total,225.0,10405.0,2.162421912542047
E14000754,Houghton and Sunderland South,Aged 16+,Total,2130.0,72673.0,2.930937211894376
E14000754,Houghton and Sunderland South,Aged 16-24,Total,520.0,8017.0,6.48621678932269
E14000755,Hove,Aged 16+,Total,2880.0,86030.0,3.3476694176450077
E14000755,Hove,Aged 16-24,Total,380.0,10172.0,3.7357451828548958
E14000756,Huddersfield,Aged 16+,Total,3945.0,82263.0,4.795594617264141
E14000756,Huddersfield,Aged 16-24,Total,750.0,14719.0,5.095454854269992
E14000757,Huntingdon,Aged 16+,Total,1930.0,98763.0,1.9541731215131173
E14000757,Huntingdon,Aged 16-24,Total,375.0,10443.0,3.590922148807814
E14000758,Hyndburn,Aged 16+,Total,3285.0,73763.0,4.453452272819707
E14000758,Hyndburn,Aged 16-24,Total,675.0,9410.0,7.173219978746015
E14000759,Ilford North,Aged 16+,Total,4055.0,87782.0,4.619398054270808
E14000759,Ilford North,Aged 16-24,Total,580.0,11812.0,4.9102607517778525
E14000760,Ilford South,Aged 16+,Total,8060.0,110447.0,7.297617861960941
E14000760,Ilford South,Aged 16-24,Total,1105.0,16806.0,6.575032726407236
E14000761,Ipswich,Aged 16+,Total,3445.0,89576.0,3.845896222202376
E14000761,Ipswich,Aged 16-24,Total,560.0,11236.0,4.983980064079744
E14000762,Isle of Wight,Aged 16+,Total,3155.0,120425.0,2.6198878970313473
E14000762,Isle of Wight,Aged 16-24,Total,630.0,11767.0,5.353955978584176
E14000763,Islington North,Aged 16+,Total,5145.0,99834.0,5.153554901135886
E14000763,Islington North,Aged 16-24,Total,700.0,15154.0,4.619242444239145
E14000764,Islington South and Finsbury,Aged 16+,Total,4865.0,109114.0,4.458639587953883
E14000764,Islington South and Finsbury,Aged 16-24,Total,685.0,21845.0,3.1357289997711146
E14000765,Jarrow,Aged 16+,Total,2100.0,68557.0,3.063144536662923
E14000765,Jarrow,Aged 16-24,Total,425.0,7568.0,5.615750528541226
E14000766,Keighley,Aged 16+,Total,2570.0,77852.0,3.3011354878487387
E14000766,Keighley,Aged 16-24,Total,515.0,9081.0,5.671181587930844
E14000767,Kenilworth and Southam,Aged 16+,Total,1040.0,72519.0,1.4341069237027537
E14000767,Kenilworth and Southam,Aged 16-24,Total,160.0,9697.0,1.6499948437661134
E14000768,Kensington,Aged 16+,Total,3055.0,94390.0,3.2365716707278316
E14000768,Kensington,Aged 16-24,Total,335.0,11702.0,2.862758502820031
E14000769,Kettering,Aged 16+,Total,2295.0,81250.0,2.8246153846153845
E14000769,Kettering,Aged 16-24,Total,465.0,9095.0,5.112699285321605
E14000770,Kingston and Surbiton,Aged 16+,Total,3035.0,104364.0,2.9080909125752177
E14000770,Kingston and Surbiton,Aged 16-24,Total,420.0,13669.0,3.0726461335869484
E14000771,Kingston upon Hull East,Aged 16+,Total,3135.0,70753.0,4.4309075233559
E14000771,Kingston upon Hull East,Aged 16-24,Total,635.0,8961.0,7.08626269389577
E14000772,Kingston upon Hull North,Aged 16+,Total,3715.0,77690.0,4.781825202728794
E14000772,Kingston upon Hull North,Aged 16-24,Total,780.0,15148.0,5.149194613150251
E14000773,Kingston upon Hull West and Hessle,Aged 16+,Total,3890.0,71148.0,5.467476246697026
E14000773,Kingston upon Hull West and Hessle,Aged 16-24,Total,685.0,8911.0,7.687128268432275
E14000774,Kingswood,Aged 16+,Total,1215.0,74316.0,1.634910382690134
E14000774,Kingswood,Aged 16-24,Total,260.0,8070.0,3.2218091697645597
E14000775,Knowsley,Aged 16+,Total,3530.0,86204.0,4.0949375899030205
E14000775,Knowsley,Aged 16-24,Total,710.0,10979.0,6.466891338008926
E14000776,Lancaster and Fleetwood,Aged 16+,Total,1765.0,80378.0,2.1958744930204785
E14000776,Lancaster and Fleetwood,Aged 16-24,Total,385.0,19254.0,1.9995845019216787
E14000777,Leeds Central,Aged 16+,Total,8305.0,131185.0,6.330754278309259
E14000777,Leeds Central,Aged 16-24,Total,1515.0,41260.0,3.6718371303926323
E14000778,Leeds East,Aged 16+,Total,5145.0,77626.0,6.6279339396593935
E14000778,Leeds East,Aged 16-24,Total,1025.0,11733.0,8.736043637603341
E14000779,Leeds North East,Aged 16+,Total,2815.0,74026.0,3.8027179639586093
E14000779,Leeds North East,Aged 16-24,Total,485.0,8957.0,5.414759406051133
E14000780,Leeds North West,Aged 16+,Total,1620.0,73585.0,2.201535639056873
E14000780,Leeds North West,Aged 16-24,Total,360.0,22019.0,1.6349516326808664
E14000781,Leeds West,Aged 16+,Total,4105.0,77160.0,5.320114048729912
E14000781,Leeds West,Aged 16-24,Total,865.0,12448.0,6.948907455012854
E14000782,Leicester East,Aged 16+,Total,4620.0,89990.0,5.133903767085232
E14000782,Leicester East,Aged 16-24,Total,665.0,13538.0,4.912099276111686
E14000783,Leicester South,Aged 16+,Total,5855.0,104078.0,5.625588500931993
E14000783,Leicester South,Aged 16-24,Total,1020.0,29865.0,3.415369161225515
E14000784,Leicester West,Aged 16+,Total,5240.0,84096.0,6.230974124809741
E14000784,Leicester West,Aged 16-24,Total,1060.0,15955.0,6.643685365089313
E14000785,Leigh,Aged 16+,Total,2625.0,87345.0,3.005323716297441
E14000785,Leigh,Aged 16-24,Total,505.0,9816.0,5.144661776691117
E14000786,Lewes,Aged 16+,Total,1685.0,78473.0,2.1472353548354213
E14000786,Lewes,Aged 16-24,Total,325.0,7692.0,4.22516900676027
E14000787,Lewisham East,Aged 16+,Total,5365.0,87260.0,6.148292459316983
E14000787,Lewisham East,Aged 16-24,Total,805.0,10127.0,7.949047101807051
E14000788,Lewisham West and Penge,Aged 16+,Total,5125.0,91332.0,5.611395786799807
E14000788,Lewisham West and Penge,Aged 16-24,Total,755.0,9155.0,8.246859639541235
E14000789,"Lewisham, Deptford",Aged 16+,Total,6595.0,104671.0,6.300694557231706
E14000789,"Lewisham, Deptford",Aged 16-24,Total,990.0,14020.0,7.0613409415121255
E14000790,Leyton and Wanstead,Aged 16+,Total,4990.0,87555.0,5.699274741591
E14000790,Leyton and Wanstead,Aged 16-24,Total,660.0,10600.0,6.226415094339623
E14000791,Lichfield,Aged 16+,Total,1370.0,80791.0,1.6957334356549618
E14000791,Lichfield,Aged 16-24,Total,255.0,8118.0,3.1411677753141167
E14000792,Lincoln,Aged 16+,Total,2900.0,95041.0,3.0513146957628816
E14000792,Lincoln,Aged 16-24,Total,615.0,22751.0,2.703177882290888
E14000793,"Liverpool, Riverside",Aged 16+,Total,5350.0,124080.0,4.311734364925854
E14000793,"Liverpool, Riverside",Aged 16-24,Total,985.0,40987.0,2.403201014955962
E14000794,"Liverpool, Walton",Aged 16+,Total,4485.0,74325.0,6.0343087790111
E14000794,"Liverpool, Walton",Aged 16-24,Total,905.0,9261.0,9.772162833387323
E14000795,"Liverpool, Wavertree",Aged 16+,Total,4560.0,77291.0,5.899781345822929
E14000795,"Liverpool, Wavertree",Aged 16-24,Total,840.0,13293.0,6.31911532385466
E14000796,"Liverpool, West Derby",Aged 16+,Total,3470.0,73564.0,4.716981132075472
E14000796,"Liverpool, West Derby",Aged 16-24,Total,630.0,8703.0,7.238883143743537
E14000797,Loughborough,Aged 16+,Total,1955.0,94597.0,2.066661733458778
E14000797,Loughborough,Aged 16-24,Total,410.0,21673.0,1.891754717851705
E14000798,Louth and Horncastle,Aged 16+,Total,1450.0,86005.0,1.6859484913667808
E14000798,Louth and Horncastle,Aged 16-24,Total,280.0,7349.0,3.810042182609879
E14000799,Ludlow,Aged 16+,Total,1145.0,74279.0,1.5414854804184226
E14000799,Ludlow,Aged 16-24,Total,185.0,6250.0,2.96
E14000800,Luton North,Aged 16+,Total,4600.0,74984.0,6.134642056972154
E14000800,Luton North,Aged 16-24,Total,685.0,9557.0,7.1675211886575285
E14000801,Luton South,Aged 16+,Total,6875.0,91520.0,7.512019230769231
E14000801,Luton South,Aged 16-24,Total,990.0,13396.0,7.390265750970439
E14000802,Macclesfield,Aged 16+,Total,1360.0,77312.0,1.7591059602649006
E14000802,Macclesfield,Aged 16-24,Total,245.0,7034.0,3.4830821723059424
E14000803,Maidenhead,Aged 16+,Total,1590.0,85525.0,1.85910552470038
E14000803,Maidenhead,Aged 16-24,Total,230.0,8980.0,2.5612472160356345
E14000804,Maidstone and The Weald,Aged 16+,Total,2495.0,89603.0,2.784504983092084
E14000804,Maidstone and The Weald,Aged 16-24,Total,470.0,10562.0,4.449914788865745
E14000805,Makerfield,Aged 16+,Total,1875.0,82270.0,2.2790810745107573
E14000805,Makerfield,Aged 16-24,Total,380.0,9648.0,3.9386401326699834
E14000806,Maldon,Aged 16+,Total,1305.0,77110.0,1.6923874983789393
E14000806,Maldon,Aged 16-24,Total,200.0,7909.0,2.5287646984448098
E14000807,Manchester Central,Aged 16+,Total,7420.0,143544.0,5.1691467424622415
E14000807,Manchester Central,Aged 16-24,Total,1460.0,43097.0,3.38770680093742
E14000808,"Manchester, Gorton",Aged 16+,Total,7525.0,92707.0,8.116970671038864
E14000808,"Manchester, Gorton",Aged 16-24,Total,1200.0,23361.0,5.136766405547707
E14000809,"Manchester, Withington",Aged 16+,Total,3080.0,81461.0,3.7809503934398054
E14000809,"Manchester, Withington",Aged 16-24,Total,560.0,15136.0,3.699788583509514
E14000810,Mansfield,Aged 16+,Total,2750.0,88629.0,3.1028218754583716
E14000810,Mansfield,Aged 16-24,Total,600.0,9473.0,6.333790773778106
E14000811,Meon Valley,Aged 16+,Total,1270.0,79930.0,1.58889027899412
E14000811,Meon Valley,Aged 16-24,Total,220.0,8442.0,2.6060175313906657
E14000812,Meriden,Aged 16+,Total,2840.0,90911.0,3.123934397377655
E14000812,Meriden,Aged 16-24,Total,600.0,11135.0,5.388414907947912
E14000813,Mid Bedfordshire,Aged 16+,Total,1605.0,94245.0,1.703008117141493
E14000813,Mid Bedfordshire,Aged 16-24,Total,270.0,10655.0,2.534021586109808
E14000814,Mid Derbyshire,Aged 16+,Total,905.0,69524.0,1.3017087624417467
E14000814,Mid Derbyshire,Aged 16-24,Total,190.0,7000.0,2.7142857142857144
E14000815,Mid Dorset and North Poole,Aged 16+,Total,1080.0,68994.0,1.5653535090007826
E14000815,Mid Dorset and North Poole,Aged 16-24,Total,200.0,7130.0,2.805049088359046
E14000816,Mid Norfolk,Aged 16+,Total,1450.0,90541.0,1.601484410377619
E14000816,Mid Norfolk,Aged 16-24,Total,295.0,9414.0,3.1336307626938598
E14000817,Mid Sussex,Aged 16+,Total,1300.0,92841.0,1.400243426934221
E14000817,Mid Sussex,Aged 16-24,Total,170.0,9105.0,1.8671059857221308
E14000818,Mid Worcestershire,Aged 16+,Total,1795.0,88219.0,2.0347090762760858
E14000818,Mid Worcestershire,Aged 16-24,Total,325.0,8855.0,3.6702428006775834
E14000819,Middlesbrough,Aged 16+,Total,4250.0,75544.0,5.625860425712167
E14000819,Middlesbrough,Aged 16-24,Total,835.0,13240.0,6.306646525679758
E14000820,Middlesbrough South and East Cleveland,Aged 16+,Total,1785.0,77008.0,2.3179409931435693
E14000820,Middlesbrough South and East Cleveland,Aged 16-24,Total,390.0,8365.0,4.662283323371189
E14000821,Milton Keynes North,Aged 16+,Total,4210.0,103388.0,4.072039308236933
E14000821,Milton Keynes North,Aged 16-24,Total,645.0,11524.0,5.597014925373134
E14000822,Milton Keynes South,Aged 16+,Total,4135.0,104056.0,3.9738217882678555
E14000822,Milton Keynes South,Aged 16-24,Total,625.0,12250.0,5.1020408163265305
E14000823,Mitcham and Morden,Aged 16+,Total,5095.0,83832.0,6.077631453382956
E14000823,Mitcham and Morden,Aged 16-24,Total,700.0,10031.0,6.978367062107467
E14000824,Mole Valley,Aged 16+,Total,1095.0,80463.0,1.360873942060326
E14000824,Mole Valley,Aged 16-24,Total,155.0,8563.0,1.8101132780567557
E14000825,Morecambe and Lunesdale,Aged 16+,Total,1955.0,73485.0,2.660406885758998
E14000825,Morecambe and Lunesdale,Aged 16-24,Total,460.0,7675.0,5.993485342019544
E14000826,Morley and Outwood,Aged 16+,Total,1545.0,81673.0,1.8916900322015846
E14000826,Morley and Outwood,Aged 16-24,Total,325.0,9053.0,3.589970175632387
E14000827,New Forest East,Aged 16+,Total,1195.0,77700.0,1.537966537966538
E14000827,New Forest East,Aged 16-24,Total,260.0,7763.0,3.349220662115162
E14000828,New Forest West,Aged 16+,Total,975.0,73781.0,1.3214784294059445
E14000828,New Forest West,Aged 16-24,Total,160.0,6446.0,2.4821594787465093
E14000829,Newark,Aged 16+,Total,1705.0,87464.0,1.9493734565078205
E14000829,Newark,Aged 16-24,Total,330.0,9202.0,3.586176918061291
E14000830,Newbury,Aged 16+,Total,1715.0,89734.0,1.9112042258229882
E14000830,Newbury,Aged 16-24,Total,260.0,10224.0,2.543035993740219
E14000831,Newcastle upon Tyne Central,Aged 16+,Total,4475.0,87961.0,5.087481952228829
E14000831,Newcastle upon Tyne Central,Aged 16-24,Total,765.0,20772.0,3.682842287694974
E14000832,Newcastle upon Tyne East,Aged 16+,Total,2615.0,90232.0,2.898084936607855
E14000832,Newcastle upon Tyne East,Aged 16-24,Total,490.0,29638.0,1.653282947567312
E14000833,Newcastle upon Tyne North,Aged 16+,Total,1845.0,75526.0,2.442867356936684
E14000833,Newcastle upon Tyne North,Aged 16-24,Total,310.0,8933.0,3.470278741744095
E14000834,Newcastle-under-Lyme,Aged 16+,Total,1875.0,79139.0,2.369249042823387
E14000834,Newcastle-under-Lyme,Aged 16-24,Total,440.0,13424.0,3.2777115613825987
E14000835,Newton Abbot,Aged 16+,Total,1215.0,78549.0,1.5468051789328954
E14000835,Newton Abbot,Aged 16-24,Total,220.0,7297.0,3.014937645607784
E14000836,"Normanton, Pontefract and Castleford",Aged 16+,Total,2655.0,93585.0,2.836993107869851
E14000836,"Normanton, Pontefract and Castleford",Aged 16-24,Total,650.0,10468.0,6.209400076423385
E14000837,North Cornwall,Aged 16+,Total,1695.0,78627.0,2.1557480254874277
E14000837,North Cornwall,Aged 16-24,Total,285.0,7849.0,3.631035800738948
E14000838,North Devon,Aged 16+,Total,1695.0,81241.0,2.086384953410224
E14000838,North Devon,Aged 16-24,Total,305.0,7927.0,3.847609436104453
E14000839,North Dorset,Aged 16+,Total,1250.0,82169.0,1.5212549745037667
E14000839,North Dorset,Aged 16-24,Total,215.0,7874.0,2.730505461010922
E14000840,North Durham,Aged 16+,Total,1765.0,72840.0,2.4231191652937945
E14000840,North Durham,Aged 16-24,Total,385.0,7704.0,4.997403946002077
E14000841,North East Bedfordshire,Aged 16+,Total,2075.0,95942.0,2.1627650038564967
E14000841,North East Bedfordshire,Aged 16-24,Total,340.0,10073.0,3.375359872927628
E14000842,North East Cambridgeshire,Aged 16+,Total,2645.0,98736.0,2.6788608005185544
E14000842,North East Cambridgeshire,Aged 16-24,Total,495.0,10579.0,4.6790811986010015
E14000843,North East Derbyshire,Aged 16+,Total,1450.0,77590.0,1.8687975254543112
E14000843,North East Derbyshire,Aged 16-24,Total,320.0,7959.0,4.02060560371906
E14000844,North East Hampshire,Aged 16+,Total,1095.0,82698.0,1.324094899513894
E14000844,North East Hampshire,Aged 16-24,Total,150.0,8390.0,1.7878426698450536
E14000845,North East Hertfordshire,Aged 16+,Total,1440.0,82082.0,1.754343217757852
E14000845,North East Hertfordshire,Aged 16-24,Total,225.0,8470.0,2.656434474616293
E14000846,North East Somerset,Aged 16+,Total,1095.0,78507.0,1.3947800833046735
E14000846,North East Somerset,Aged 16-24,Total,190.0,9108.0,2.0860781730346947
E14000847,North Herefordshire,Aged 16+,Total,1255.0,77143.0,1.6268488391688163
E14000847,North Herefordshire,Aged 16-24,Total,200.0,7073.0,2.827654460624912
E14000848,North Norfolk,Aged 16+,Total,1185.0,76072.0,1.5577347775791355
E14000848,North Norfolk,Aged 16-24,Total,205.0,6264.0,3.272669220945083
E14000849,North Shropshire,Aged 16+,Total,1690.0,92969.0,1.817810237821209
E14000849,North Shropshire,Aged 16-24,Total,315.0,9791.0,3.2172403227453787
E14000850,North Somerset,Aged 16+,Total,1030.0,84072.0,1.2251403558854315
E14000850,North Somerset,Aged 16-24,Total,185.0,7962.0,2.3235367997990455
E14000851,North Swindon,Aged 16+,Total,2425.0,89919.0,2.696871628910464
E14000851,North Swindon,Aged 16-24,Total,420.0,10246.0,4.0991606480577785
E14000852,North Thanet,Aged 16+,Total,2640.0,81701.0,3.2312945985973243
E14000852,North Thanet,Aged 16-24,Total,535.0,8697.0,6.151546510290904
E14000853,North Tyneside,Aged 16+,Total,2515.0,88407.0,2.844797357675297
E14000853,North Tyneside,Aged 16-24,Total,555.0,9625.0,5.766233766233767
E14000854,North Warwickshire,Aged 16+,Total,1810.0,76456.0,2.367374699173381
E14000854,North Warwickshire,Aged 16-24,Total,385.0,8438.0,4.562692581180375
E14000855,North West Cambridgeshire,Aged 16+,Total,2885.0,106440.0,2.7104472003006386
E14000855,North West Cambridgeshire,Aged 16-24,Total,535.0,11439.0,4.676982253693505
E14000856,North West Durham,Aged 16+,Total,1665.0,78267.0,2.127333358886887
E14000856,North West Durham,Aged 16-24,Total,355.0,7827.0,4.535581959882458
E14000857,North West Hampshire,Aged 16+,Total,1465.0,88820.0,1.6494032875478497
E14000857,North West Hampshire,Aged 16-24,Total,240.0,9009.0,2.664002664002664
E14000858,North West Leicestershire,Aged 16+,Total,1440.0,85817.0,1.6779892095971662
E14000858,North West Leicestershire,Aged 16-24,Total,275.0,9694.0,2.836806271920776
E14000859,North West Norfolk,Aged 16+,Total,1735.0,80461.0,2.156324181901791
E14000859,North West Norfolk,Aged 16-24,Total,370.0,7672.0,4.822732012513034
E14000860,North Wiltshire,Aged 16+,Total,1170.0,78345.0,1.4933946008041357
E14000860,North Wiltshire,Aged 16-24,Total,220.0,7682.0,2.863837542306691
E14000861,Northampton North,Aged 16+,Total,2915.0,68405.0,4.26138440172502
E14000861,Northampton North,Aged 16-24,Total,490.0,9150.0,5.355191256830602
E14000862,Northampton South,Aged 16+,Total,3845.0,80048.0,4.803367979212473
E14000862,Northampton South,Aged 16-24,Total,650.0,11686.0,5.56221119288037
E14000863,Norwich North,Aged 16+,Total,1960.0,74392.0,2.6346919023550917
E14000863,Norwich North,Aged 16-24,Total,415.0,8632.0,4.807692307692308
E14000864,Norwich South,Aged 16+,Total,2810.0,89544.0,3.1381220405610653
E14000864,Norwich South,Aged 16-24,Total,650.0,22001.0,2.954411163128949
E14000865,Nottingham East,Aged 16+,Total,5950.0,93283.0,6.378439801464361
E14000865,Nottingham East,Aged 16-24,Total,1070.0,26219.0,4.081009954613067
E14000866,Nottingham North,Aged 16+,Total,4520.0,75547.0,5.983030431387084
E14000866,Nottingham North,Aged 16-24,Total,980.0,10881.0,9.006525135557393
E14000867,Nottingham South,Aged 16+,Total,3800.0,105651.0,3.596747782794294
E14000867,Nottingham South,Aged 16-24,Total,670.0,37970.0,1.7645509612852253
E14000868,Nuneaton,Aged 16+,Total,2765.0,77019.0,3.59002324101845
E14000868,Nuneaton,Aged 16-24,Total,575.0,9038.0,6.362026997123257
E14000869,Old Bexley and Sidcup,Aged 16+,Total,1385.0,72487.0,1.9106874336087851
E14000869,Old Bexley and Sidcup,Aged 16-24,Total,260.0,8842.0,2.940511196561864
E14000870,Oldham East and Saddleworth,Aged 16+,Total,4360.0,83869.0,5.198583505228392
E14000870,Oldham East and Saddleworth,Aged 16-24,Total,785.0,11331.0,6.927896919954109
E14000871,Oldham West and Royton,Aged 16+,Total,5530.0,83464.0,6.625611041886323
E14000871,Oldham West and Royton,Aged 16-24,Total,1035.0,12610.0,8.207771609833465
E14000872,Orpington,Aged 16+,Total,1730.0,73291.0,2.360453534540394
E14000872,Orpington,Aged 16-24,Total,295.0,7740.0,3.811369509043928
E14000873,Oxford East,Aged 16+,Total,2890.0,99396.0,2.9075616725019118
E14000873,Oxford East,Aged 16-24,Total,470.0,30295.0,1.551411123947846
E14000874,Oxford West and Abingdon,Aged 16+,Total,1315.0,90062.0,1.4601052608203238
E14000874,Oxford West and Abingdon,Aged 16-24,Total,175.0,12778.0,1.3695413992800125
E14000875,Pendle,Aged 16+,Total,3785.0,72617.0,5.2122781166944385
E14000875,Pendle,Aged 16-24,Total,605.0,8514.0,7.10594315245478
E14000876,Penistone and Stocksbridge,Aged 16+,Total,1200.0,74279.0,1.6155306344996567
E14000876,Penistone and Stocksbridge,Aged 16-24,Total,285.0,7112.0,4.007311586051744
E14000877,Penrith and The Border,Aged 16+,Total,830.0,70602.0,1.1756040905356788
E14000877,Penrith and The Border,Aged 16-24,Total,115.0,6525.0,1.7624521072796935
E14000878,Peterborough,Aged 16+,Total,5770.0,95336.0,6.052278257950826
E14000878,Peterborough,Aged 16-24,Total,980.0,11628.0,8.427932576539387
E14000879,"Plymouth, Moor View",Aged 16+,Total,1930.0,74629.0,2.586126036795348
E14000879,"Plymouth, Moor View",Aged 16-24,Total,500.0,9102.0,5.4932981762250055
E14000880,"Plymouth, Sutton and Devonport",Aged 16+,Total,3575.0,95484.0,3.744082778266516
E14000880,"Plymouth, Sutton and Devonport",Aged 16-24,Total,750.0,21013.0,3.5692190548707945
E14000881,Poole,Aged 16+,Total,2010.0,81766.0,2.4582344739867428
E14000881,Poole,Aged 16-24,Total,385.0,8413.0,4.576251040057055
E14000882,Poplar and Limehouse,Aged 16+,Total,9405.0,138208.0,6.804960639036814
E14000882,Poplar and Limehouse,Aged 16-24,Total,1350.0,19993.0,6.752363327164508
E14000883,Portsmouth North,Aged 16+,Total,2695.0,78889.0,3.41619237156004
E14000883,Portsmouth North,Aged 16-24,Total,570.0,9733.0,5.856364944004932
E14000884,Portsmouth South,Aged 16+,Total,4145.0,96447.0,4.29769718083507
E14000884,Portsmouth South,Aged 16-24,Total,765.0,26437.0,2.893671747929039
E14000885,Preston,Aged 16+,Total,4265.0,77002.0,5.538817173579907
E14000885,Preston,Aged 16-24,Total,780.0,16203.0,4.8139233475282355
E14000886,Pudsey,Aged 16+,Total,1440.0,73559.0,1.9576122568278527
E14000886,Pudsey,Aged 16-24,Total,310.0,8295.0,3.7371910789632303
E14000887,Putney,Aged 16+,Total,3570.0,80919.0,4.411819226634042
E14000887,Putney,Aged 16-24,Total,440.0,10057.0,4.375062145769116
E14000888,Rayleigh and Wickford,Aged 16+,Total,1305.0,83984.0,1.5538674033149171
E14000888,Rayleigh and Wickford,Aged 16-24,Total,255.0,9177.0,2.778685845047401
E14000889,Reading East,Aged 16+,Total,3075.0,92047.0,3.340684650233033
E14000889,Reading East,Aged 16-24,Total,435.0,16571.0,2.6250678896868025
E14000890,Reading West,Aged 16+,Total,3410.0,80482.0,4.236972242240501
E14000890,Reading West,Aged 16-24,Total,580.0,9203.0,6.302292730631316
E14000891,Redcar,Aged 16+,Total,2200.0,71301.0,3.0855107221497593
E14000891,Redcar,Aged 16-24,Total,490.0,8231.0,5.953104118576115
E14000892,Redditch,Aged 16+,Total,2170.0,73288.0,2.960921296801659
E14000892,Redditch,Aged 16-24,Total,435.0,8216.0,5.294547224926972
E14000893,Reigate,Aged 16+,Total,1485.0,84854.0,1.7500648172154525
E14000893,Reigate,Aged 16-24,Total,245.0,9134.0,2.6822859645281367
E14000894,Ribble Valley,Aged 16+,Total,1270.0,85338.0,1.4881998640699337
E14000894,Ribble Valley,Aged 16-24,Total,240.0,9277.0,2.587043225180554
E14000895,Richmond (Yorks),Aged 16+,Total,1150.0,92463.0,1.243740739539059
E14000895,Richmond (Yorks),Aged 16-24,Total,255.0,9440.0,2.701271186440678
E14000896,Richmond Park,Aged 16+,Total,1965.0,101852.0,1.929269921061933
E14000896,Richmond Park,Aged 16-24,Total,215.0,11250.0,1.911111111111111
E14000897,Rochdale,Aged 16+,Total,5630.0,88038.0,6.394965810218315
E14000897,Rochdale,Aged 16-24,Total,945.0,12568.0,7.519096117122852
E14000898,Rochester and Strood,Aged 16+,Total,2860.0,91468.0,3.1267765776009093
E14000898,Rochester and Strood,Aged 16-24,Total,570.0,11636.0,4.898590580955655
E14000899,Rochford and Southend East,Aged 16+,Total,3520.0,85446.0,4.119560892259439
E14000899,Rochford and Southend East,Aged 16-24,Total,670.0,10283.0,6.51560828551979
E14000900,Romford,Aged 16+,Total,3350.0,85349.0,3.9250606333993368
E14000900,Romford,Aged 16-24,Total,525.0,10372.0,5.061704589278827
E14000901,Romsey and Southampton North,Aged 16+,Total,1340.0,77201.0,1.7357288118029561
E14000901,Romsey and Southampton North,Aged 16-24,Total,225.0,13392.0,1.6801075268817203
E14000902,Rossendale and Darwen,Aged 16+,Total,2215.0,79794.0,2.77589793718826
E14000902,Rossendale and Darwen,Aged 16-24,Total,480.0,8936.0,5.371530886302596
E14000903,Rother Valley,Aged 16+,Total,1695.0,78914.0,2.1479078490508656
E14000903,Rother Valley,Aged 16-24,Total,370.0,8664.0,4.270544783010157
E14000904,Rotherham,Aged 16+,Total,3565.0,73711.0,4.836455888537667
E14000904,Rotherham,Aged 16-24,Total,780.0,9727.0,8.018916418217332
E14000905,Rugby,Aged 16+,Total,2055.0,84643.0,2.4278440036388123
E14000905,Rugby,Aged 16-24,Total,370.0,9456.0,3.9128595600676817
E14000906,"Ruislip, Northwood and Pinner",Aged 16+,Total,1960.0,78261.0,2.5044402703773274
E14000906,"Ruislip, Northwood and Pinner",Aged 16-24,Total,250.0,7523.0,3.323142363418849
E14000907,Runnymede and Weybridge,Aged 16+,Total,1815.0,92224.0,1.9680343511450382
E14000907,Runnymede and Weybridge,Aged 16-24,Total,290.0,14779.0,1.9622437242032613
E14000908,Rushcliffe,Aged 16+,Total,1285.0,84671.0,1.517638861003177
E14000908,Rushcliffe,Aged 16-24,Total,235.0,10297.0,2.2822181217830435
E14000909,Rutland and Melton,Aged 16+,Total,1625.0,88191.0,1.842591647673799
E14000909,Rutland and Melton,Aged 16-24,Total,265.0,8885.0,2.9825548677546427
E14000910,Saffron Walden,Aged 16+,Total,1490.0,94813.0,1.5715144547688606
E14000910,Saffron Walden,Aged 16-24,Total,210.0,10262.0,2.046384720327422
E14000911,Salford and Eccles,Aged 16+,Total,4930.0,105287.0,4.682439427469679
E14000911,Salford and Eccles,Aged 16-24,Total,990.0,18200.0,5.43956043956044
E14000912,Salisbury,Aged 16+,Total,1420.0,80112.0,1.7725184741362094
E14000912,Salisbury,Aged 16-24,Total,245.0,7654.0,3.2009406846093547
E14000913,Scarborough and Whitby,Aged 16+,Total,1845.0,81461.0,2.2648874921741693
E14000913,Scarborough and Whitby,Aged 16-24,Total,335.0,7995.0,4.1901188242651655
E14000914,Scunthorpe,Aged 16+,Total,2520.0,74308.0,3.3912903052161276
E14000914,Scunthorpe,Aged 16-24,Total,525.0,8794.0,5.969979531498749
E14000915,Sedgefield,Aged 16+,Total,1655.0,69951.0,2.365941873597232
E14000915,Sedgefield,Aged 16-24,Total,365.0,7436.0,4.908552985476063
E14000916,Sefton Central,Aged 16+,Total,985.0,70052.0,1.4060983269571175
E14000916,Sefton Central,Aged 16-24,Total,200.0,6783.0,2.948547840188707
E14000917,Selby and Ainsty,Aged 16+,Total,1290.0,86316.0,1.4945085499791464
E14000917,Selby and Ainsty,Aged 16-24,Total,255.0,9310.0,2.7389903329752956
E14000918,Sevenoaks,Aged 16+,Total,1185.0,78180.0,1.515732924021489
E14000918,Sevenoaks,Aged 16-24,Total,175.0,8148.0,2.147766323024055
E14000919,Sheffield Central,Aged 16+,Total,4305.0,123690.0,3.480475382003396
E14000919,Sheffield Central,Aged 16-24,Total,785.0,44864.0,1.7497325249643365
E14000920,Sheffield South East,Aged 16+,Total,2960.0,76317.0,3.878559167682168
E14000920,Sheffield South East,Aged 16-24,Total,590.0,9032.0,6.532329495128432
E14000921,"Sheffield, Brightside and Hillsborough",Aged 16+,Total,5200.0,85384.0,6.090133982947625
E14000921,"Sheffield, Brightside and Hillsborough",Aged 16-24,Total,1125.0,11521.0,9.76477736307612
E14000922,"Sheffield, Hallam",Aged 16+,Total,930.0,76191.0,1.220616608260818
E14000922,"Sheffield, Hallam",Aged 16-24,Total,180.0,12801.0,1.4061401453011484
E14000923,"Sheffield, Heeley",Aged 16+,Total,3170.0,76810.0,4.127066788178622
E14000923,"Sheffield, Heeley",Aged 16-24,Total,665.0,8754.0,7.5965273018048896
E14000924,Sherwood,Aged 16+,Total,1945.0,83709.0,2.323525546834868
E14000924,Sherwood,Aged 16-24,Total,440.0,8918.0,4.933841668535546
E14000925,Shipley,Aged 16+,Total,1875.0,78366.0,2.3926192481433275
E14000925,Shipley,Aged 16-24,Total,415.0,7777.0,5.336247910505336
E14000926,Shrewsbury and Atcham,Aged 16+,Total,1625.0,90989.0,1.7859301673828705
E14000926,Shrewsbury and Atcham,Aged 16-24,Total,340.0,9683.0,3.5113084787772384
E14000927,Sittingbourne and Sheppey,Aged 16+,Total,2920.0,95727.0,3.050341074096128
E14000927,Sittingbourne and Sheppey,Aged 16-24,Total,625.0,12158.0,5.140648132916598
E14000928,Skipton and Ripon,Aged 16+,Total,1025.0,84429.0,1.214037830603229
E14000928,Skipton and Ripon,Aged 16-24,Total,150.0,7668.0,1.9561815336463224
E14000929,Sleaford and North Hykeham,Aged 16+,Total,1545.0,99845.0,1.5473984676248185
E14000929,Sleaford and North Hykeham,Aged 16-24,Total,330.0,9547.0,3.4565832198596413
E14000930,Slough,Aged 16+,Total,6620.0,104804.0,6.316552803328117
E14000930,Slough,Aged 16-24,Total,910.0,13926.0,6.53453970989516
E14000931,Solihull,Aged 16+,Total,1970.0,83801.0,2.350807269602988
E14000931,Solihull,Aged 16-24,Total,365.0,9352.0,3.902908468776732
E14000932,Somerton and Frome,Aged 16+,Total,1460.0,90094.0,1.620529669012365
E14000932,Somerton and Frome,Aged 16-24,Total,240.0,8541.0,2.8099754127151386
E14000933,South Basildon and East Thurrock,Aged 16+,Total,2610.0,80532.0,3.240947697809567
E14000933,South Basildon and East Thurrock,Aged 16-24,Total,540.0,9720.0,5.555555555555555
E14000934,South Cambridgeshire,Aged 16+,Total,1450.0,95056.0,1.5254165965325703
E14000934,South Cambridgeshire,Aged 16-24,Total,220.0,10836.0,2.0302694721299375
E14000935,South Derbyshire,Aged 16+,Total,1755.0,88958.0,1.972841116032285
E14000935,South Derbyshire,Aged 16-24,Total,375.0,10055.0,3.7294878170064645
E14000936,South Dorset,Aged 16+,Total,1510.0,79641.0,1.896008337414146
E14000936,South Dorset,Aged 16-24,Total,255.0,8136.0,3.1342182890855455
E14000937,South East Cambridgeshire,Aged 16+,Total,1605.0,98881.0,1.6231631961650874
E14000937,South East Cambridgeshire,Aged 16-24,Total,250.0,10229.0,2.4440316746505033
E14000938,South East Cornwall,Aged 16+,Total,1435.0,76040.0,1.8871646501841137
E14000938,South East Cornwall,Aged 16-24,Total,285.0,7249.0,3.931576769209546
E14000939,South Holland and The Deepings,Aged 16+,Total,1975.0,90522.0,2.1817900620843553
E14000939,South Holland and The Deepings,Aged 16-24,Total,370.0,9065.0,4.081632653061225
E14000940,South Leicestershire,Aged 16+,Total,1520.0,88327.0,1.7208781006940121
E14000940,South Leicestershire,Aged 16-24,Total,305.0,9612.0,3.173116937161881
E14000941,South Norfolk,Aged 16+,Total,1450.0,93227.0,1.5553434090982226
E14000941,South Norfolk,Aged 16-24,Total,265.0,9041.0,2.9310916933967484
E14000942,South Northamptonshire,Aged 16+,Total,1645.0,96378.0,1.706821058747847
E14000942,South Northamptonshire,Aged 16-24,Total,285.0,10289.0,2.769948488677228
E14000943,South Ribble,Aged 16+,Total,1375.0,82093.0,1.6749296529545759
E14000943,South Ribble,Aged 16-24,Total,280.0,8722.0,3.210272873194221
E14000944,South Shields,Aged 16+,Total,2745.0,69383.0,3.9563005347131144
E14000944,South Shields,Aged 16-24,Total,490.0,7977.0,6.142660147925285
E14000945,South Staffordshire,Aged 16+,Total,1565.0,82126.0,1.905608455300392
E14000945,South Staffordshire,Aged 16-24,Total,335.0,8819.0,3.7986166231999094
E14000946,South Suffolk,Aged 16+,Total,1410.0,80786.0,1.7453519174114327
E14000946,South Suffolk,Aged 16-24,Total,225.0,8069.0,2.7884496220101624
E14000947,South Swindon,Aged 16+,Total,2740.0,87139.0,3.1444014735078434
E14000947,South Swindon,Aged 16-24,Total,505.0,10062.0,5.01888292585967
E14000948,South Thanet,Aged 16+,Total,2960.0,82395.0,3.5924509982401847
E14000948,South Thanet,Aged 16-24,Total,645.0,9141.0,7.056120774532326
E14000949,South West Bedfordshire,Aged 16+,Total,2455.0,92360.0,2.6580770896491988
E14000949,South West Bedfordshire,Aged 16-24,Total,480.0,9783.0,4.906470407850352
E14000950,South West Devon,Aged 16+,Total,995.0,74751.0,1.3310858717609129
E14000950,South West Devon,Aged 16-24,Total,195.0,7526.0,2.5910178049428647
E14000951,South West Hertfordshire,Aged 16+,Total,1585.0,88866.0,1.7835842729502849
E14000951,South West Hertfordshire,Aged 16-24,Total,215.0,9784.0,2.1974652493867537
E14000952,South West Norfolk,Aged 16+,Total,1700.0,89936.0,1.8902330546166164
E14000952,South West Norfolk,Aged 16-24,Total,340.0,9095.0,3.7383177570093453
E14000953,South West Surrey,Aged 16+,Total,1260.0,85377.0,1.4758073017323168
E14000953,South West Surrey,Aged 16-24,Total,180.0,9649.0,1.8654782879054823
E14000954,South West Wiltshire,Aged 16+,Total,1585.0,85381.0,1.8563849099916843
E14000954,South West Wiltshire,Aged 16-24,Total,285.0,8662.0,3.2902332024936505
E14000955,"Southampton, Itchen",Aged 16+,Total,3205.0,89116.0,3.596436105749809
E14000955,"Southampton, Itchen",Aged 16-24,Total,645.0,17148.0,3.7613715885234424
E14000956,"Southampton, Test",Aged 16+,Total,3765.0,90779.0,4.147434979455602
E14000956,"Southampton, Test",Aged 16-24,Total,670.0,18862.0,3.552115364224367
E14000957,Southend West,Aged 16+,Total,1825.0,75101.0,2.430060851386799
E14000957,Southend West,Aged 16-24,Total,300.0,7646.0,3.923620193565263
E14000958,Southport,Aged 16+,Total,1905.0,77271.0,2.465349225453275
E14000958,Southport,Aged 16-24,Total,305.0,7721.0,3.950265509649009
E14000959,Spelthorne,Aged 16+,Total,2330.0,80036.0,2.911189964515968
E14000959,Spelthorne,Aged 16-24,Total,355.0,8648.0,4.104995374653099
E14000960,St Albans,Aged 16+,Total,1870.0,82015.0,2.280070718770957
E14000960,St Albans,Aged 16-24,Total,275.0,8813.0,3.1203903324634066
E14000961,St Austell and Newquay,Aged 16+,Total,2180.0,89652.0,2.4316245036362827
E14000961,St Austell and Newquay,Aged 16-24,Total,355.0,9001.0,3.9440062215309406
E14000962,St Helens North,Aged 16+,Total,2240.0,81481.0,2.749107153815
E14000962,St Helens North,Aged 16-24,Total,515.0,8991.0,5.727950172394617
E14000963,St Helens South and Whiston,Aged 16+,Total,2920.0,84676.0,3.448438754782937
E14000963,St Helens South and Whiston,Aged 16-24,Total,635.0,9981.0,6.362087967137561
E14000964,St Ives,Aged 16+,Total,1585.0,73508.0,2.156227893562605
E14000964,St Ives,Aged 16-24,Total,270.0,7150.0,3.7762237762237763
E14000965,Stafford,Aged 16+,Total,1625.0,82732.0,1.9641734758013827
E14000965,Stafford,Aged 16-24,Total,300.0,9097.0,3.2977904803781466
E14000966,Staffordshire Moorlands,Aged 16+,Total,1060.0,66141.0,1.6026367910978063
E14000966,Staffordshire Moorlands,Aged 16-24,Total,180.0,6561.0,2.7434842249657065
E14000967,Stalybridge and Hyde,Aged 16+,Total,2800.0,75978.0,3.6852773171181132
E14000967,Stalybridge and Hyde,Aged 16-24,Total,590.0,8943.0,6.597338700659734
E14000968,Stevenage,Aged 16+,Total,2235.0,78410.0,2.8504017344726438
E14000968,Stevenage,Aged 16-24,Total,430.0,9141.0,4.7040805163548844
E14000969,Stockport,Aged 16+,Total,2465.0,71762.0,3.434965580669435
E14000969,Stockport,Aged 16-24,Total,475.0,8188.0,5.801172447484123
E14000970,Stockton North,Aged 16+,Total,2760.0,74028.0,3.7283190144269738
E14000970,Stockton North,Aged 16-24,Total,650.0,8187.0,7.939416147550996
E14000971,Stockton South,Aged 16+,Total,2080.0,83981.0,2.4767506936092687
E14000971,Stockton South,Aged 16-24,Total,455.0,9361.0,4.860591817113556
E14000972,Stoke-on-Trent Central,Aged 16+,Total,3955.0,70550.0,5.605953224663359
E14000972,Stoke-on-Trent Central,Aged 16-24,Total,790.0,12173.0,6.489772447219256
E14000973,Stoke-on-Trent North,Aged 16+,Total,3785.0,79094.0,4.785445166510734
E14000973,Stoke-on-Trent North,Aged 16-24,Total,715.0,9831.0,7.272912216458143
E14000974,Stoke-on-Trent South,Aged 16+,Total,2590.0,71378.0,3.6285690268710242
E14000974,Stoke-on-Trent South,Aged 16-24,Total,560.0,8634.0,6.485985638174658
E14000975,Stone,Aged 16+,Total,950.0,73228.0,1.2973179658054297
E14000975,Stone,Aged 16-24,Total,160.0,6808.0,2.3501762632197414
E14000976,Stourbridge,Aged 16+,Total,2385.0,74014.0,3.2223633366660365
E14000976,Stourbridge,Aged 16-24,Total,405.0,8538.0,4.743499648629656
E14000977,Stratford-on-Avon,Aged 16+,Total,1210.0,81054.0,1.4928319392010265
E14000977,Stratford-on-Avon,Aged 16-24,Total,160.0,7947.0,2.01333836667925
E14000978,Streatham,Aged 16+,Total,5685.0,100007.0,5.68460207785455
E14000978,Streatham,Aged 16-24,Total,720.0,10416.0,6.912442396313365
E14000979,Stretford and Urmston,Aged 16+,Total,2895.0,80093.0,3.614548087847877
E14000979,Stretford and Urmston,Aged 16-24,Total,525.0,9863.0,5.322924059616749
E14000980,Stroud,Aged 16+,Total,1395.0,88312.0,1.5796267777878432
E14000980,Stroud,Aged 16-24,Total,250.0,9086.0,2.75148580233326
E14000981,Suffolk Coastal,Aged 16+,Total,1255.0,88239.0,1.4222735978422238
E14000981,Suffolk Coastal,Aged 16-24,Total,225.0,7909.0,2.844860285750411
E14000982,Sunderland Central,Aged 16+,Total,2900.0,85260.0,3.4013605442176873
E14000982,Sunderland Central,Aged 16-24,Total,540.0,11894.0,4.540104254245838
E14000983,Surrey Heath,Aged 16+,Total,1590.0,88825.0,1.7900365887981988
E14000983,Surrey Heath,Aged 16-24,Total,235.0,9782.0,2.4023717031281944
E14000984,Sutton and Cheam,Aged 16+,Total,2140.0,82059.0,2.6078796963160653
E14000984,Sutton and Cheam,Aged 16-24,Total,270.0,8499.0,3.176844334627603
E14000985,Sutton Coldfield,Aged 16+,Total,1530.0,75862.0,2.0168200152909233
E14000985,Sutton Coldfield,Aged 16-24,Total,280.0,8485.0,3.2999410724808484
E14000986,Tamworth,Aged 16+,Total,1915.0,78103.0,2.451890452351382
E14000986,Tamworth,Aged 16-24,Total,425.0,9427.0,4.50832714543333
E14000987,Tatton,Aged 16+,Total,1090.0,71158.0,1.5318024677478288
E14000987,Tatton,Aged 16-24,Total,190.0,6630.0,2.865761689291101
E14000988,Taunton Deane,Aged 16+,Total,1700.0,98634.0,1.723543605653223
E14000988,Taunton Deane,Aged 16-24,Total,330.0,10209.0,3.232441962973846
E14000989,Telford,Aged 16+,Total,2885.0,77837.0,3.7064635070724714
E14000989,Telford,Aged 16-24,Total,660.0,9496.0,6.950294860994102
E14000990,Tewkesbury,Aged 16+,Total,1485.0,91554.0,1.6219935775607839
E14000990,Tewkesbury,Aged 16-24,Total,255.0,9075.0,2.809917355371901
E14000991,The Cotswolds,Aged 16+,Total,1120.0,86617.0,1.2930487086830529
E14000991,The Cotswolds,Aged 16-24,Total,140.0,8650.0,1.6184971098265895
E14000992,The Wrekin,Aged 16+,Total,1880.0,79977.0,2.350675819298048
E14000992,The Wrekin,Aged 16-24,Total,360.0,11152.0,3.2281205164992826
E14000993,Thirsk and Malton,Aged 16+,Total,1065.0,86871.0,1.225955727457955
E14000993,Thirsk and Malton,Aged 16-24,Total,125.0,8073.0,1.5483711135885048
E14000994,Thornbury and Yate,Aged 16+,Total,1255.0,72416.0,1.7330424215642952
E14000994,Thornbury and Yate,Aged 16-24,Total,265.0,7388.0,3.586897671900379
E14000995,Thurrock,Aged 16+,Total,4400.0,100478.0,4.379068054698541
E14000995,Thurrock,Aged 16-24,Total,885.0,12738.0,6.947715496938295
E14000996,Tiverton and Honiton,Aged 16+,Total,1285.0,87528.0,1.4681016360478933
E14000996,Tiverton and Honiton,Aged 16-24,Total,220.0,8175.0,2.691131498470948
E14000997,Tonbridge and Malling,Aged 16+,Total,1555.0,86210.0,1.8037350655376407
E14000997,Tonbridge and Malling,Aged 16-24,Total,240.0,9911.0,2.4215518111189587
E14000998,Tooting,Aged 16+,Total,3475.0,88185.0,3.9405794636276013
E14000998,Tooting,Aged 16-24,Total,440.0,10177.0,4.323474501326521
E14000999,Torbay,Aged 16+,Total,2140.0,83608.0,2.5595636781169264
E14000999,Torbay,Aged 16-24,Total,365.0,8187.0,4.4582875290094055
E14001000,Torridge and West Devon,Aged 16+,Total,1505.0,86555.0,1.7387788111605338
E14001000,Torridge and West Devon,Aged 16-24,Total,240.0,7681.0,3.1245931519333423
E14001001,Totnes,Aged 16+,Total,1285.0,73884.0,1.7392128200963672
E14001001,Totnes,Aged 16-24,Total,220.0,6480.0,3.3950617283950617
E14001002,Tottenham,Aged 16+,Total,9765.0,111143.0,8.785978424192256
E14001002,Tottenham,Aged 16-24,Total,1215.0,16677.0,7.285483000539665
E14001003,Truro and Falmouth,Aged 16+,Total,1495.0,81968.0,1.823882490728089
E14001003,Truro and Falmouth,Aged 16-24,Total,275.0,12368.0,2.2234799482535577
E14001004,Tunbridge Wells,Aged 16+,Total,1615.0,86903.0,1.8583938414093875
E14001004,Tunbridge Wells,Aged 16-24,Total,235.0,8916.0,2.635711081202333
E14001005,Twickenham,Aged 16+,Total,2070.0,93544.0,2.212862396305482
E14001005,Twickenham,Aged 16-24,Total,245.0,10086.0,2.429109656950228
E14001006,Tynemouth,Aged 16+,Total,1760.0,82805.0,2.1254755147636013
E14001006,Tynemouth,Aged 16-24,Total,375.0,8463.0,4.431052818149593
E14001007,Uxbridge and South Ruislip,Aged 16+,Total,3765.0,89657.0,4.199337475043778
E14001007,Uxbridge and South Ruislip,Aged 16-24,Total,610.0,15674.0,3.8917953298456043
E14001008,Vauxhall,Aged 16+,Total,5800.0,105847.0,5.479607357790018
E14001008,Vauxhall,Aged 16-24,Total,770.0,16191.0,4.755728491137051
E14001009,Wakefield,Aged 16+,Total,2965.0,82068.0,3.612857630257835
E14001009,Wakefield,Aged 16-24,Total,560.0,9087.0,6.162649939473973
E14001010,Wallasey,Aged 16+,Total,2295.0,73416.0,3.126021575678326
E14001010,Wallasey,Aged 16-24,Total,570.0,8583.0,6.641034603285564
E14001011,Walsall North,Aged 16+,Total,4340.0,78289.0,5.543562952649798
E14001011,Walsall North,Aged 16-24,Total,1020.0,10508.0,9.70688998858013
E14001012,Walsall South,Aged 16+,Total,5205.0,82244.0,6.328729147415009
E14001012,Walsall South,Aged 16-24,Total,950.0,12583.0,7.549868870698562
E14001013,Walthamstow,Aged 16+,Total,6845.0,92268.0,7.418606667533706
E14001013,Walthamstow,Aged 16-24,Total,985.0,10971.0,8.978215294868289
E14001014,Wansbeck,Aged 16+,Total,1710.0,69498.0,2.4605024605024606
E14001014,Wansbeck,Aged 16-24,Total,395.0,7261.0,5.440022035532296
E14001015,Wantage,Aged 16+,Total,1880.0,99861.0,1.8826168374039915
E14001015,Wantage,Aged 16-24,Total,315.0,10573.0,2.9792868627636433
E14001016,Warley,Aged 16+,Total,5520.0,76048.0,7.258573532505785
E14001016,Warley,Aged 16-24,Total,940.0,11167.0,8.417659174353004
E14001017,Warrington North,Aged 16+,Total,1850.0,78531.0,2.3557575989099844
E14001017,Warrington North,Aged 16-24,Total,370.0,8814.0,4.197867029725437
E14001018,Warrington South,Aged 16+,Total,1685.0,91434.0,1.842859330227268
E14001018,Warrington South,Aged 16-24,Total,335.0,10242.0,3.2708455379808634
E14001019,Warwick and Leamington,Aged 16+,Total,1900.0,85391.0,2.2250588469510837
E14001019,Warwick and Leamington,Aged 16-24,Total,360.0,13696.0,2.628504672897196
E14001020,Washington and Sunderland West,Aged 16+,Total,2175.0,70848.0,3.069952574525745
E14001020,Washington and Sunderland West,Aged 16-24,Total,515.0,8069.0,6.382451357045483
E14001021,Watford,Aged 16+,Total,3745.0,95803.0,3.909063390499254
E14001021,Watford,Aged 16-24,Total,520.0,11221.0,4.6341680777114345
E14001022,Waveney,Aged 16+,Total,2260.0,87372.0,2.586641029162661
E14001022,Waveney,Aged 16-24,Total,540.0,9228.0,5.851755526657997
E14001023,Wealden,Aged 16+,Total,1400.0,91370.0,1.5322315858596913
E14001023,Wealden,Aged 16-24,Total,230.0,9598.0,2.396332569285268
E14001024,Weaver Vale,Aged 16+,Total,1725.0,74016.0,2.3305771725032427
E14001024,Weaver Vale,Aged 16-24,Total,365.0,8241.0,4.429074141487684
E14001025,Wellingborough,Aged 16+,Total,2905.0,91109.0,3.1884885137582453
E14001025,Wellingborough,Aged 16-24,Total,565.0,10381.0,5.442635584240439
E14001026,Wells,Aged 16+,Total,1755.0,89401.0,1.9630652900974261
E14001026,Wells,Aged 16-24,Total,250.0,9436.0,2.6494277236116996
E14001027,Welwyn Hatfield,Aged 16+,Total,2405.0,96029.0,2.504451780191401
E14001027,Welwyn Hatfield,Aged 16-24,Total,440.0,17768.0,2.4763619990995047
E14001028,Wentworth and Dearne,Aged 16+,Total,2245.0,79809.0,2.8129659562204763
E14001028,Wentworth and Dearne,Aged 16-24,Total,545.0,9068.0,6.010145566828408
E14001029,West Bromwich East,Aged 16+,Total,4540.0,73252.0,6.197782995686125
E14001029,West Bromwich East,Aged 16-24,Total,880.0,9697.0,9.074971640713622
E14001030,West Bromwich West,Aged 16+,Total,4360.0,74664.0,5.839494267652416
E14001030,West Bromwich West,Aged 16-24,Total,870.0,9788.0,8.888434818144667
E14001031,West Dorset,Aged 16+,Total,1340.0,84881.0,1.5786807412730763
E14001031,West Dorset,Aged 16-24,Total,205.0,6888.0,2.976190476190476
E14001032,West Ham,Aged 16+,Total,11550.0,151671.0,7.615167039183496
E14001032,West Ham,Aged 16-24,Total,1485.0,23441.0,6.335053965274519
E14001033,West Lancashire,Aged 16+,Total,1980.0,80922.0,2.4468006228219767
E14001033,West Lancashire,Aged 16-24,Total,390.0,13151.0,2.9655539502699413
E14001034,West Suffolk,Aged 16+,Total,1855.0,94987.0,1.952898817732953
E14001034,West Suffolk,Aged 16-24,Total,315.0,10620.0,2.9661016949152543
E14001035,West Worcestershire,Aged 16+,Total,1370.0,82425.0,1.662117076129815
E14001035,West Worcestershire,Aged 16-24,Total,235.0,7524.0,3.123338649654439
E14001036,Westminster North,Aged 16+,Total,4180.0,112254.0,3.723698041940599
E14001036,Westminster North,Aged 16-24,Total,465.0,13462.0,3.454167285693062
E14001037,Westmorland and Lonsdale,Aged 16+,Total,640.0,72859.0,0.8784089817318381
E14001037,Westmorland and Lonsdale,Aged 16-24,Total,100.0,7204.0,1.3881177123820099
E14001038,Weston-Super-Mare,Aged 16+,Total,2225.0,92372.0,2.4087385787901097
E14001038,Weston-Super-Mare,Aged 16-24,Total,410.0,10058.0,4.076357128653807
E14001039,Wigan,Aged 16+,Total,2835.0,86526.0,3.2764718119409197
E14001039,Wigan,Aged 16-24,Total,530.0,10145.0,5.224248398225726
E14001040,Wimbledon,Aged 16+,Total,1985.0,79050.0,2.511068943706515
E14001040,Wimbledon,Aged 16-24,Total,200.0,7626.0,2.6226068712300026
E14001041,Winchester,Aged 16+,Total,1230.0,83586.0,1.471538295886871
E14001041,Winchester,Aged 16-24,Total,180.0,13277.0,1.355727950591248
E14001042,Windsor,Aged 16+,Total,1765.0,86070.0,2.0506564424305798
E14001042,Windsor,Aged 16-24,Total,215.0,10176.0,2.112814465408805
E14001043,Wirral South,Aged 16+,Total,835.0,60626.0,1.3772968693299903
E14001043,Wirral South,Aged 16-24,Total,185.0,6132.0,3.0169602087410303
E14001044,Wirral West,Aged 16+,Total,810.0,57603.0,1.4061767616269987
E14001044,Wirral West,Aged 16-24,Total,160.0,5640.0,2.8368794326241136
E14001045,Witham,Aged 16+,Total,1480.0,76647.0,1.9309301081581798
E14001045,Witham,Aged 16-24,Total,300.0,7977.0,3.7608123354644607
E14001046,Witney,Aged 16+,Total,1270.0,91164.0,1.393093765082708
E14001046,Witney,Aged 16-24,Total,205.0,9268.0,2.211911955114372
E14001047,Woking,Aged 16+,Total,1815.0,83832.0,2.165044374463212
E14001047,Woking,Aged 16-24,Total,260.0,8820.0,2.947845804988662
E14001048,Wokingham,Aged 16+,Total,1540.0,90838.0,1.6953257447323806
E14001048,Wokingham,Aged 16-24,Total,235.0,10863.0,2.163306637208874
E14001049,Wolverhampton North East,Aged 16+,Total,4300.0,71511.0,6.0130609276894464
E14001049,Wolverhampton North East,Aged 16-24,Total,895.0,9152.0,9.779283216783217
E14001050,Wolverhampton South East,Aged 16+,Total,4475.0,74120.0,6.037506745817593
E14001050,Wolverhampton South East,Aged 16-24,Total,835.0,9512.0,8.77838519764508
E14001051,Wolverhampton South West,Aged 16+,Total,4110.0,71839.0,5.721126407661576
E14001051,Wolverhampton South West,Aged 16-24,Total,680.0,9285.0,7.32364028002154
E14001052,Worcester,Aged 16+,Total,2500.0,81888.0,3.052950371238765
E14001052,Worcester,Aged 16-24,Total,500.0,12283.0,4.070666775217781
E14001053,Workington,Aged 16+,Total,1280.0,66422.0,1.9270723555448497
E14001053,Workington,Aged 16-24,Total,270.0,6800.0,3.9705882352941173
E14001054,Worsley and Eccles South,Aged 16+,Total,3370.0,81740.0,4.122828480548079
E14001054,Worsley and Eccles South,Aged 16-24,Total,660.0,10016.0,6.5894568690095845
E14001055,Worthing West,Aged 16+,Total,1830.0,84304.0,2.1707155057885745
E14001055,Worthing West,Aged 16-24,Total,335.0,7292.0,4.594075699396599
E14001056,Wycombe,Aged 16+,Total,3670.0,86387.0,4.248324400662137
E14001056,Wycombe,Aged 16-24,Total,495.0,11505.0,4.3024771838331155
E14001057,Wyre and Preston North,Aged 16+,Total,1110.0,77072.0,1.4402117500518996
E14001057,Wyre and Preston North,Aged 16-24,Total,220.0,7587.0,2.8996968498747857
E14001058,Wyre Forest,Aged 16+,Total,1960.0,83749.0,2.340326451659124
E14001058,Wyre Forest,Aged 16-24,Total,355.0,8635.0,4.111175448755066
E14001059,Wythenshawe and Sale East,Aged 16+,Total,3105.0,83655.0,3.7116729424421733
E14001059,Wythenshawe and Sale East,Aged 16-24,Total,670.0,8807.0,7.607584875667082
E14001060,Yeovil,Aged 16+,Total,1710.0,91830.0,1.8621365566808232
E14001060,Yeovil,Aged 16-24,Total,320.0,9372.0,3.4144259496372174
E14001061,York Central,Aged 16+,Total,1875.0,97073.0,1.9315360604905587
E14001061,York Central,Aged 16-24,Total,365.0,23387.0,1.5606961132252961
E14001062,York Outer,Aged 16+,Total,755.0,81231.0,0.9294481170981522
E14001062,York Outer,Aged 16-24,Total,145.0,12343.0,1.1747549218180344
N06000001,Belfast East,Aged 16+,Total,1835.0,,
N06000001,Belfast East,Aged 16-24,Total,260.0,,
N06000002,Belfast North,Aged 16+,Total,3485.0,,
N06000002,Belfast North,Aged 16-24,Total,605.0,,
N06000003,Belfast South,Aged 16+,Total,2275.0,,
N06000003,Belfast South,Aged 16-24,Total,320.0,,
N06000004,Belfast West,Aged 16+,Total,2955.0,,
N06000004,Belfast West,Aged 16-24,Total,480.0,,
N06000005,East Antrim,Aged 16+,Total,1440.0,,
N06000005,East Antrim,Aged 16-24,Total,245.0,,
N06000006,East Londonderry,Aged 16+,Total,2040.0,,
N06000006,East Londonderry,Aged 16-24,Total,325.0,,
N06000007,Fermanagh & South Tyrone,Aged 16+,Total,1935.0,,
N06000007,Fermanagh & South Tyrone,Aged 16-24,Total,235.0,,
N06000008,Foyle,Aged 16+,Total,3510.0,,
N06000008,Foyle,Aged 16-24,Total,565.0,,
N06000009,Lagan Valley,Aged 16+,Total,1430.0,,
N06000009,Lagan Valley,Aged 16-24,Total,200.0,,
N06000010,Mid Ulster,Aged 16+,Total,1440.0,,
N06000010,Mid Ulster,Aged 16-24,Total,190.0,,
N06000011,Newry & Armagh,Aged 16+,Total,2385.0,,
N06000011,Newry & Armagh,Aged 16-24,Total,300.0,,
N06000012,North Antrim,Aged 16+,Total,2075.0,,
N06000012,North Antrim,Aged 16-24,Total,300.0,,
N06000013,North Down,Aged 16+,Total,1355.0,,
N06000013,North Down,Aged 16-24,Total,235.0,,
N06000014,South Antrim,Aged 16+,Total,1350.0,,
N06000014,South Antrim,Aged 16-24,Total,225.0,,
N06000015,South Down,Aged 16+,Total,1740.0,,
N06000015,South Down,Aged 16-24,Total,260.0,,
N06000016,Strangford,Aged 16+,Total,1630.0,,
N06000016,Strangford,Aged 16-24,Total,250.0,,
N06000017,Upper Bann,Aged 16+,Total,2460.0,,
N06000017,Upper Bann,Aged 16-24,Total,365.0,,
N06000018,West Tyrone,Aged 16+,Total,1640.0,,
N06000018,West Tyrone,Aged 16-24,Total,235.0,,
S14000001,Aberdeen North,Aged 16+,Total,3170.0,,
S14000001,Aberdeen North,Aged 16-24,Total,620.0,,
S14000002,Aberdeen South,Aged 16+,Total,1740.0,,
S14000002,Aberdeen South,Aged 16-24,Total,315.0,,
S14000003,Airdrie and Shotts,Aged 16+,Total,1800.0,,
S14000003,Airdrie and Shotts,Aged 16-24,Total,395.0,,
S14000004,Angus,Aged 16+,Total,1820.0,,
S14000004,Angus,Aged 16-24,Total,420.0,,
S14000005,Argyll and Bute,Aged 16+,Total,1290.0,,
S14000005,Argyll and Bute,Aged 16-24,Total,190.0,,
S14000006,"Ayr, Carrick and Cumnock",Aged 16+,Total,2015.0,,
S14000006,"Ayr, Carrick and Cumnock",Aged 16-24,Total,395.0,,
S14000007,Banff and Buchan,Aged 16+,Total,1400.0,,
S14000007,Banff and Buchan,Aged 16-24,Total,235.0,,
S14000008,"Berwickshire, Roxburgh and Selkirk",Aged 16+,Total,1710.0,,
S14000008,"Berwickshire, Roxburgh and Selkirk",Aged 16-24,Total,330.0,,
S14000009,"Caithness, Sutherland and Easter Ross",Aged 16+,Total,815.0,,
S14000009,"Caithness, Sutherland and Easter Ross",Aged 16-24,Total,140.0,,
S14000010,Central Ayrshire,Aged 16+,Total,1705.0,,
S14000010,Central Ayrshire,Aged 16-24,Total,345.0,,
S14000011,"Coatbridge, Chryston and Bellshill",Aged 16+,Total,1975.0,,
S14000011,"Coatbridge, Chryston and Bellshill",Aged 16-24,Total,375.0,,
S14000012,"Cumbernauld, Kilsyth and Kirkintilloch East",Aged 16+,Total,1515.0,,
S14000012,"Cumbernauld, Kilsyth and Kirkintilloch East",Aged 16-24,Total,300.0,,
S14000013,Dumfries and Galloway,Aged 16+,Total,1570.0,,
S14000013,Dumfries and Galloway,Aged 16-24,Total,305.0,,
S14000014,"Dumfriesshire, Clydesdale and Tweeddale",Aged 16+,Total,1165.0,,
S14000014,"Dumfriesshire, Clydesdale and Tweeddale",Aged 16-24,Total,190.0,,
S14000015,Dundee East,Aged 16+,Total,1755.0,,
S14000015,Dundee East,Aged 16-24,Total,350.0,,
S14000016,Dundee West,Aged 16+,Total,2420.0,,
S14000016,Dundee West,Aged 16-24,Total,530.0,,
S14000017,Dunfermline and West Fife,Aged 16+,Total,1770.0,,
S14000017,Dunfermline and West Fife,Aged 16-24,Total,365.0,,
S14000018,East Dunbartonshire,Aged 16+,Total,725.0,,
S14000018,East Dunbartonshire,Aged 16-24,Total,135.0,,
S14000019,"East Kilbride, Strathaven and Lesmahagow",Aged 16+,Total,1405.0,,
S14000019,"East Kilbride, Strathaven and Lesmahagow",Aged 16-24,Total,230.0,,
S14000020,East Lothian,Aged 16+,Total,1545.0,,
S14000020,East Lothian,Aged 16-24,Total,280.0,,
S14000021,East Renfrewshire,Aged 16+,Total,955.0,,
S14000021,East Renfrewshire,Aged 16-24,Total,165.0,,
S14000022,Edinburgh East,Aged 16+,Total,2260.0,,
S14000022,Edinburgh East,Aged 16-24,Total,295.0,,
S14000023,Edinburgh North and Leith,Aged 16+,Total,2360.0,,
S14000023,Edinburgh North and Leith,Aged 16-24,Total,290.0,,
S14000024,Edinburgh South,Aged 16+,Total,1150.0,,
S14000024,Edinburgh South,Aged 16-24,Total,175.0,,
S14000025,Edinburgh South West,Aged 16+,Total,2135.0,,
S14000025,Edinburgh South West,Aged 16-24,Total,345.0,,
S14000026,Edinburgh West,Aged 16+,Total,1465.0,,
S14000026,Edinburgh West,Aged 16-24,Total,240.0,,
S14000027,Na h-Eileanan An Iar,Aged 16+,Total,305.0,,
S14000027,Na h-Eileanan An Iar,Aged 16-24,Total,40.0,,
S14000028,Falkirk,Aged 16+,Total,2015.0,,
S14000028,Falkirk,Aged 16-24,Total,435.0,,
S14000029,Glasgow Central,Aged 16+,Total,4955.0,,
S14000029,Glasgow Central,Aged 16-24,Total,840.0,,
S14000030,Glasgow East,Aged 16+,Total,3085.0,,
S14000030,Glasgow East,Aged 16-24,Total,520.0,,
S14000031,Glasgow North,Aged 16+,Total,2125.0,,
S14000031,Glasgow North,Aged 16-24,Total,345.0,,
S14000032,Glasgow North East,Aged 16+,Total,3425.0,,
S14000032,Glasgow North East,Aged 16-24,Total,515.0,,
S14000033,Glasgow North West,Aged 16+,Total,2880.0,,
S14000033,Glasgow North West,Aged 16-24,Total,455.0,,
S14000034,Glasgow South,Aged 16+,Total,2300.0,,
S14000034,Glasgow South,Aged 16-24,Total,345.0,,
S14000035,Glasgow South West,Aged 16+,Total,2955.0,,
S14000035,Glasgow South West,Aged 16-24,Total,515.0,,
S14000036,Glenrothes,Aged 16+,Total,2090.0,,
S14000036,Glenrothes,Aged 16-24,Total,515.0,,
S14000037,Gordon,Aged 16+,Total,1105.0,,
S14000037,Gordon,Aged 16-24,Total,200.0,,
S14000038,Inverclyde,Aged 16+,Total,1590.0,,
S14000038,Inverclyde,Aged 16-24,Total,315.0,,
S14000039,"Inverness, Nairn, Badenoch and Strathspey",Aged 16+,Total,1540.0,,
S14000039,"Inverness, Nairn, Badenoch and Strathspey",Aged 16-24,Total,255.0,,
S14000040,Kilmarnock and Loudoun,Aged 16+,Total,2210.0,,
S14000040,Kilmarnock and Loudoun,Aged 16-24,Total,425.0,,
S14000041,Kirkcaldy and Cowdenbeath,Aged 16+,Total,2555.0,,
S14000041,Kirkcaldy and Cowdenbeath,Aged 16-24,Total,540.0,,
S14000042,Lanark and Hamilton East,Aged 16+,Total,1735.0,,
S14000042,Lanark and Hamilton East,Aged 16-24,Total,310.0,,
S14000043,Linlithgow and East Falkirk,Aged 16+,Total,1985.0,,
S14000043,Linlithgow and East Falkirk,Aged 16-24,Total,445.0,,
S14000044,Livingston,Aged 16+,Total,1955.0,,
S14000044,Livingston,Aged 16-24,Total,385.0,,
S14000045,Midlothian,Aged 16+,Total,1400.0,,
S14000045,Midlothian,Aged 16-24,Total,285.0,,
S14000046,Moray,Aged 16+,Total,1395.0,,
S14000046,Moray,Aged 16-24,Total,255.0,,
S14000047,Motherwell and Wishaw,Aged 16+,Total,2120.0,,
S14000047,Motherwell and Wishaw,Aged 16-24,Total,400.0,,
S14000048,North Ayrshire and Arran,Aged 16+,Total,2200.0,,
S14000048,North Ayrshire and Arran,Aged 16-24,Total,470.0,,
S14000049,North East Fife,Aged 16+,Total,1010.0,,
S14000049,North East Fife,Aged 16-24,Total,175.0,,
S14000050,Ochil and South Perthshire,Aged 16+,Total,1545.0,,
S14000050,Ochil and South Perthshire,Aged 16-24,Total,315.0,,
S14000051,Orkney and Shetland,Aged 16+,Total,390.0,,
S14000051,Orkney and Shetland,Aged 16-24,Total,80.0,,
S14000052,Paisley and Renfrewshire North,Aged 16+,Total,1490.0,,
S14000052,Paisley and Renfrewshire North,Aged 16-24,Total,280.0,,
S14000053,Paisley and Renfrewshire South,Aged 16+,Total,1795.0,,
S14000053,Paisley and Renfrewshire South,Aged 16-24,Total,305.0,,
S14000054,Perth and North Perthshire,Aged 16+,Total,1500.0,,
S14000054,Perth and North Perthshire,Aged 16-24,Total,250.0,,
S14000055,"Ross, Skye and Lochaber",Aged 16+,Total,850.0,,
S14000055,"Ross, Skye and Lochaber",Aged 16-24,Total,115.0,,
S14000056,Rutherglen and Hamilton West,Aged 16+,Total,2220.0,,
S14000056,Rutherglen and Hamilton West,Aged 16-24,Total,430.0,,
S14000057,Stirling,Aged 16+,Total,1390.0,,
S14000057,Stirling,Aged 16-24,Total,310.0,,
S14000058,West Aberdeenshire and Kincardine,Aged 16+,Total,915.0,,
S14000058,West Aberdeenshire and Kincardine,Aged 16-24,Total,160.0,,
S14000059,West Dunbartonshire,Aged 16+,Total,2140.0,,
S14000059,West Dunbartonshire,Aged 16-24,Total,455.0,,
W07000041,Ynys Mon,Aged 16+,Total,1390.0,58519.0,2.375296912114014
W07000041,Ynys Mon,Aged 16-24,Total,245.0,6000.0,4.083333333333333
W07000042,Delyn,Aged 16+,Total,1270.0,57950.0,2.1915444348576356
W07000042,Delyn,Aged 16-24,Total,250.0,6525.0,3.8314176245210727
W07000043,Alyn and Deeside,Aged 16+,Total,1455.0,70100.0,2.0756062767475036
W07000043,Alyn and Deeside,Aged 16-24,Total,250.0,8174.0,3.058478101296795
W07000044,Wrexham,Aged 16+,Total,1385.0,58192.0,2.3800522408578497
W07000044,Wrexham,Aged 16-24,Total,280.0,6806.0,4.114017043784895
W07000045,Llanelli,Aged 16+,Total,1640.0,68690.0,2.3875382151696023
W07000045,Llanelli,Aged 16-24,Total,370.0,8222.0,4.500121624908782
W07000046,Gower,Aged 16+,Total,985.0,65849.0,1.4958465580342906
W07000046,Gower,Aged 16-24,Total,210.0,7205.0,2.914642609299098
W07000047,Swansea West,Aged 16+,Total,2235.0,70752.0,3.158921302578019
W07000047,Swansea West,Aged 16-24,Total,350.0,16842.0,2.0781379883624274
W07000048,Swansea East,Aged 16+,Total,2150.0,68391.0,3.1436884970244625
W07000048,Swansea East,Aged 16-24,Total,425.0,9445.0,4.499735309687666
W07000049,Aberavon,Aged 16+,Total,1515.0,56986.0,2.6585477134734847
W07000049,Aberavon,Aged 16-24,Total,360.0,7452.0,4.830917874396135
W07000050,Cardiff Central,Aged 16+,Total,2745.0,80586.0,3.4062988608443154
W07000050,Cardiff Central,Aged 16-24,Total,480.0,29748.0,1.6135538523598225
W07000051,Cardiff North,Aged 16+,Total,1400.0,74751.0,1.8728846436836966
W07000051,Cardiff North,Aged 16-24,Total,255.0,11731.0,2.1737277299462963
W07000052,Rhondda,Aged 16+,Total,1725.0,56775.0,3.038309114927345
W07000052,Rhondda,Aged 16-24,Total,450.0,7286.0,6.176228383200659
W07000053,Torfaen,Aged 16+,Total,1995.0,68973.0,2.8924361706754818
W07000053,Torfaen,Aged 16-24,Total,475.0,8383.0,5.666229273529763
W07000054,Monmouth,Aged 16+,Total,1235.0,73405.0,1.6824466998160887
W07000054,Monmouth,Aged 16-24,Total,215.0,7376.0,2.914859002169197
W07000055,Newport East,Aged 16+,Total,2345.0,66424.0,3.5303504757316633
W07000055,Newport East,Aged 16-24,Total,420.0,8755.0,4.7972587093089665
W07000056,Newport West,Aged 16+,Total,2690.0,72858.0,3.6921134261165554
W07000056,Newport West,Aged 16-24,Total,530.0,8774.0,6.040574424435833
W07000057,Arfon,Aged 16+,Total,1180.0,52300.0,2.2562141491395793
W07000057,Arfon,Aged 16-24,Total,255.0,10701.0,2.3829548640313987
W07000058,Aberconwy,Aged 16+,Total,1050.0,50302.0,2.0873921514055107
W07000058,Aberconwy,Aged 16-24,Total,175.0,5097.0,3.4333921914851873
W07000059,Clwyd West,Aged 16+,Total,1535.0,62010.0,2.4754071923883245
W07000059,Clwyd West,Aged 16-24,Total,310.0,6514.0,4.7589806570463615
W07000060,Vale of Clwyd,Aged 16+,Total,1820.0,59730.0,3.0470450359953123
W07000060,Vale of Clwyd,Aged 16-24,Total,395.0,6924.0,5.704794916233391
W07000061,Dwyfor Meirionnydd,Aged 16+,Total,870.0,52119.0,1.6692568928797562
W07000061,Dwyfor Meirionnydd,Aged 16-24,Total,150.0,5265.0,2.849002849002849
W07000062,Clwyd South,Aged 16+,Total,1255.0,58489.0,2.1457026107473203
W07000062,Clwyd South,Aged 16-24,Total,230.0,6575.0,3.4980988593155895
W07000063,Montgomeryshire,Aged 16+,Total,935.0,53311.0,1.7538594286357412
W07000063,Montgomeryshire,Aged 16-24,Total,150.0,5728.0,2.618715083798883
W07000064,Ceredigion,Aged 16+,Total,1165.0,62121.0,1.8753722573686837
W07000064,Ceredigion,Aged 16-24,Total,200.0,10606.0,1.8857250612860643
W07000065,Preseli Pembrokeshire,Aged 16+,Total,1510.0,66401.0,2.2740621376184094
W07000065,Preseli Pembrokeshire,Aged 16-24,Total,275.0,7152.0,3.845078299776286
W07000066,Carmarthen West and South Pembrokeshire,Aged 16+,Total,1330.0,65644.0,2.0260800682469076
W07000066,Carmarthen West and South Pembrokeshire,Aged 16-24,Total,255.0,7031.0,3.6267956193998008
W07000067,Carmarthen East and Dinefwr,Aged 16+,Total,1130.0,61570.0,1.8353094039304856
W07000067,Carmarthen East and Dinefwr,Aged 16-24,Total,240.0,6290.0,3.815580286168521
W07000068,Brecon and Radnorshire,Aged 16+,Total,1095.0,58650.0,1.8670076726342713
W07000068,Brecon and Radnorshire,Aged 16-24,Total,195.0,5579.0,3.4952500448108976
W07000069,Neath,Aged 16+,Total,1390.0,62279.0,2.231891970005941
W07000069,Neath,Aged 16-24,Total,330.0,7287.0,4.5286125977768625
W07000070,Cynon Valley,Aged 16+,Total,1535.0,58130.0,2.640633063822467
W07000070,Cynon Valley,Aged 16-24,Total,365.0,7282.0,5.012359241966493
W07000071,Merthyr Tydfil and Rhymney,Aged 16+,Total,1685.0,62172.0,2.7102232516245257
W07000071,Merthyr Tydfil and Rhymney,Aged 16-24,Total,400.0,7652.0,5.2273915316257185
W07000072,Blaenau Gwent,Aged 16+,Total,1650.0,57814.0,2.8539800048431174
W07000072,Blaenau Gwent,Aged 16-24,Total,405.0,6792.0,5.9628975265017665
W07000073,Bridgend,Aged 16+,Total,1435.0,71157.0,2.016667369338224
W07000073,Bridgend,Aged 16-24,Total,315.0,8065.0,3.9057656540607564
W07000074,Ogmore,Aged 16+,Total,1420.0,64099.0,2.2153231719683615
W07000074,Ogmore,Aged 16-24,Total,335.0,7795.0,4.297626683771648
W07000075,Pontypridd,Aged 16+,Total,1240.0,68179.0,1.8187418413294416
W07000075,Pontypridd,Aged 16-24,Total,305.0,9760.0,3.125
W07000076,Caerphilly,Aged 16+,Total,1865.0,71828.0,2.5964804811494124
W07000076,Caerphilly,Aged 16-24,Total,480.0,8813.0,5.446499489390673
W07000077,Islwyn,Aged 16+,Total,1390.0,63102.0,2.2027827961078885
W07000077,Islwyn,Aged 16-24,Total,320.0,7788.0,4.108885464817668
W07000078,Vale of Glamorgan,Aged 16+,Total,2145.0,85601.0,2.50581184799243
W07000078,Vale of Glamorgan,Aged 16-24,Total,480.0,10042.0,4.779924317864967
W07000079,Cardiff West,Aged 16+,Total,2725.0,75174.0,3.624923510788305
W07000079,Cardiff West,Aged 16-24,Total,575.0,9430.0,6.097560975609756
W07000080,Cardiff South and Penarth,Aged 16+,Total,3920.0,95473.0,4.105872864579515
W07000080,Cardiff South and Penarth,Aged 16-24,Total,710.0,12712.0,5.585273757079925
